419 West,http://www.opentable.com/419-west?scpref=111&tab=2,3.9,"3865 Electric Rd Roanoke, VA  24018 ",24,American,$30 and under,Roanoke,http://www.419-west.com,info@419-west.com,(540) 776-0419,5.0 out of 5,The menu is wonderful everything looked so delicious it was hard to decide. I will definitely go there again next time I visit Roanoke. I went for lunch so can't speak on how the bar scene is but I did make note they had great drink specials.,01/08/2013,http://www.pickgrapevine.com/wantmore6/419-west,419-west
525 at The Berry Burk,http://www.opentable.com/525-at-the-berry-burk?scpref=111&tab=2,4.0,"525 E Grace St Richmond, VA  23219 ",142,American,$30 and under,Richmond,http://www.525rva.com,525management@gmail.com,(804) 382-8390,2.0 out of 5,"Ordered their 525 Salad with grilled chicken - it was ok, but wholly unremarkable.",02/13/2013,http://www.pickgrapevine.com/wantmore6/525-at-the-berry-burk,525-at-the-berry-burk
Aberdeen Barn - Charlottesville,http://www.opentable.com/aberdeen-barn-charlottesville?scpref=111&tab=2,4.2,"2018 Holiday Dr Charlottesville, VA  22901 ",69,Steakhouse,$30 and under,Charlottesville,http://www.aberdeenbarn.com,angela@aberdeenbarn.com,(434) 296-4630,5.0 out of 5,Best chop house in Charlottesville and has been for years,02/07/2013,http://www.pickgrapevine.com/wantmore6/aberdeen-barn-charlottesville,aberdeen-barn-charlottesville
Al Fresco Italian Restaurant,http://www.opentable.com/al-fresco-italian-restaurant?scpref=111&tab=2,4.4,"11710 Jefferson Avenue Newport News, VA  23606 ",13,Italian,$30 and under,Newport News,http://www.alfrescoitalianrestaurant.com,frescotrattoria@hotmail.com,(757) 873-0644,4.0 out of 5,"the reservation made via opentable wasa not on record. however, they accommodated my party.",01/16/2013,http://www.pickgrapevine.com/wantmore6/al-fresco-italian-restaurant,al-fresco-italian-restaurant
Aldo's Ristorante,http://www.opentable.com/aldos-ristorante?scpref=111&tab=2,4.6,"1860 Laskin Road Virginia Beach, VA  23454 ",159,Italian,$30 and under,Virginia Beach,http://www.aldosvb.com,admin@aldosvb.com,(757) 491-1111,5.0 out of 5,We had a wonderful dinner and highly recommend it to others,02/13/2013,http://www.pickgrapevine.com/wantmore6/aldos-ristorante,aldos-ristorante
Alexander's - Roanoke,http://www.opentable.com/alexanders-roanoke?scpref=111&tab=2,4.6,"105 South Jefferson Street Roanoke, VA  24011 ",53,Contemporary American,$31 to $50,Roanoke,http://www.alexandersva.com,alex105so@gmail.com,(540) 982-6983,4.0 out of 5,"Great food. Excellent service. My only complaint is that when making the reservation on Open Table, I requested a quiet spot to celebrate a romantic occassion. Instead, we were seated at the end of a long booth directly in front of the drink station.",02/09/2013,http://www.pickgrapevine.com/wantmore6/alexanders-roanoke,alexanders-roanoke
Amici Ristorante - Richmond,http://www.opentable.com/amici-ristorante-richmond?scpref=111&tab=2,4.1,"3343 West Cary Street Richmond, VA  23221 ",95,Italian,$31 to $50,Richmond,http://www.amiciristorante.net,carlomgaione@aol.com,(804) 353-4700,5.0 out of 5,The food & service was amazing!!,02/09/2013,http://www.pickgrapevine.com/wantmore6/amici-ristorante-richmond,amici-ristorante-richmond
Aqua Vi - Sheraton Virginia Beach,http://www.opentable.com/aqua-vi-sheraton-virginia-beach?scpref=111&tab=2,3.7,"3501 Atlantic Ave Virginia Beach, VA  23451 ",7,Contemporary American,CAN$30 and under,Virginia Beach,http://www.sheratonvirginiabeach.com,cbrown@sheratonvirginiabeach.com,(757) 425-9000,4.0 out of 5,Loved the food (particularly the half-portion option) and the Cherry Crepe specialty drink. The experience provided just the right amount of everything for this diner.,12/31/2012,http://www.pickgrapevine.com/wantmore6/aqua-vi-sheraton-virginia-beach,aqua-vi-sheraton-virginia-beach
Art Cafe 26,http://www.opentable.com/art-cafe-26?scpref=111&tab=2,4.9,"5107-2 Center Street Williamsburg, VA  23188 ",28,Contemporary European,$31 to $50,Williamsburg,http://www.artcafe26.com,artcafe26@aol.com,(757) 565-7788,5.0 out of 5,"We celebrated New Year’s Eve at Art Café 26 – it was our first visit to the establishment in New Town area of Williamsburg, and the every aspect of the dinner, the entertainment, and the service was superb. The café itself is small but with the European flair resembling a living room filled with art. The 10-course menu designed by a very talented young chef Klinger was spread over several unhurried hours – the food and the presentation was exquisite. There was a wonderful selection of wines providing an excellent pairing with the food presented. We decided to definitely visit this restaurant and would recommend it to our friends when in the area. Kudos to Ms. Sibilla Dengs the owner of Art Café 26 who made our New Year’s Eve very special.",12/31/2012,http://www.pickgrapevine.com/wantmore6/art-cafe-26,art-cafe-26
Avenue 805,http://www.opentable.com/avenue-805?scpref=111&tab=2,4.1,"805 N Davis Avenue Richmond, VA  23220 ",34,Italian,$30 and under,Richmond,http://www.avenue805.net  ,avenue805@comcast.net804.353.0339,(804) 353-2505,4.0 out of 5,we had a wonderful meal and the atmosphere was perfect.Would definitely recommend it and look forward to going back,02/13/2013,http://www.pickgrapevine.com/wantmore6/avenue-805,avenue-805
Bedford Social Club - Roanoke,http://www.opentable.com/bedford-social-club-roanoke?scpref=111&tab=2,4.1,"124 S Bridge St Bedford, VA  24523 ",8,American,$30 and under,Bedford,http://www.bedfordsocialclub.com/Home_Page.html,update@bedfordsocialclub.com,(540) 586-9454,4.0 out of 5,"Very good food, and very good service. It was a little noisy to be considered romantic. We will definately return on another special occasion.",02/14/2013,http://www.pickgrapevine.com/wantmore6/bedford-social-club-roanoke,bedford-social-club-roanoke
Bella's Restaurant,http://www.opentable.com/bellas-restaurant?scpref=111&tab=2,4.4,"707 West Main St Charlottesville, VA  22903 ",169,Italian,$30 and under,Charlottesville,http://www.bellas-restaurant.com,frank@bellas-restaurant.com,(434) 327-4833,5.0 out of 5,"I cannot think of a better dining experience in Charlottesville than I had at Bella's. Our reservation for for 6:45 and when we arrived at 6:45 our table was ready and waiting. We were seated at a table for two against the wall, which was of original brick. The ceiling is the original tin patterned material so popular at the turn of the last century. These features along with old photographs on the walls add to the ambiance. It is the food however that makes Bella's stand out. We ordered the bruschetta as an appitizer.It was the best bruschetta I've ever had; every ingredient was evident in every bite. The Pasta al Forno was our main course and was simply exceptional. Great service, great food, and good wine make bella's a winner.",02/14/2013,http://www.pickgrapevine.com/wantmore6/bellas-restaurant,bellas-restaurant
Berret's Restaurant,http://www.opentable.com/berrets-restaurant?scpref=111&tab=2,4.3,"199 South Boundary Street Williamsburg, VA  23185 ",115,Seafood,$30 and under,Williamsburg,http://www.berrets.com,berrets@widomaker.com,(757) 253-1847,3.0 out of 5,dinner was quite expensive. Food was good. decor was pretty outdated. The waiter was excellant.,02/13/2013,http://www.pickgrapevine.com/wantmore6/berrets-restaurant,berrets-restaurant
Billy's Roanoke,http://www.opentable.com/billys-roanoke?scpref=111&tab=2,3.7,"102 Market St. Roanoke, VA  24011 ",51,American,$30 and under,Roanoke,http://www.billysroanoke.com/,info@billysroanoke.com,(540) 206-3353,5.0 out of 5,"Our waitress was outstanding. I do not remember her name but she was very pleasant and helpful. We brought our infant to dinner, which made us a little nervous, but she set our minds at ease by being so nice to us.",02/14/2013,http://www.pickgrapevine.com/wantmore6/billys-roanoke,billys-roanoke
Bistro Bobette (formerly Bouchon - Richmond),http://www.opentable.com/bistro-bobette-formerly-bouchon-richmond?scpref=111&tab=2,4.3,"1209 E Cary Street Richmond, VA  23219 ",77,French,$30 and under,Richmond,http://www.bistrobobette.com,info@bistrobobette.com,(804) 225-9116,5.0 out of 5,"Enjoyed the duck but the highlight of the evening was a wonderful pheasant special with a lovely juniper sauce in vegetables. Warm bread and recommended white wine topped off the meal. Neighboring table was a bit loud for this small restaurant.(Who really discusses the merits of Chick Fillet at a French restaurant?). Richard was an attentive waitstaff and enjoyedMeeting Wendy and discussed upcoming events we will not want to miss. Overall, an enjoyable experience. We will be back.",01/19/2013,http://www.pickgrapevine.com/wantmore6/bistro-bobette-formerly-bouchon-richmond,bistro-bobette-formerly-bouchon-richmond
Blue Light Grill & Raw Bar,http://www.opentable.com/blue-light-grill-and-raw-bar?scpref=111&tab=2,4.1,"Downtown Mall Charlottesville, VA  22901 ",20,Contemporary American,$30 and under,Charlottesville,http://bluelightgrill.com,reservations@bluelightgrill.com,(434) 295-1223,5.0 out of 5,Excellent food. Delicious and beautifully presented.,02/02/2013,http://www.pickgrapevine.com/wantmore6/blue-light-grill-and-raw-bar,blue-light-grill-and-raw-bar
The Boathouse at Rocketts Landing,http://www.opentable.com/the-boathouse-at-rocketts-landing?scpref=111&tab=2,4.3,"4708 E Main Street Richmond, VA  23231 ",304,Seafood,$30 and under,Richmond,http://boathouserichmond.com/rocketts_landing/,Manager@Boathouserichmond.com,(804) 622-2628,5.0 out of 5,"Excellent food and a complimentary wine tasting on the second wednesday of every month with half off bottles in the tasting. Overall my wife and I had a really great experience and the food, service, and beverages were top notch.",02/13/2013,http://www.pickgrapevine.com/wantmore6/the-boathouse-at-rocketts-landing,the-boathouse-at-rocketts-landing
The Boathouse at Sunday Park,http://www.opentable.com/the-boathouse-at-sunday-park?scpref=111&tab=2,4.3,"4602 Millridge Parkway Midlothian, VA  23112 ",134,Seafood,$30 and under,Midlothian,http://www.boathouserichmond.com,CSmith@boathouserichmond.com,(804) 744-2545,5.0 out of 5,Lovely evening. Love that we can make reservations for Ionly 2 people. Thank you.,02/14/2013,http://www.pickgrapevine.com/wantmore6/the-boathouse-at-sunday-park,the-boathouse-at-sunday-park
Bookbinder's Richmond,http://www.opentable.com/bookbinders-richmond?scpref=111&tab=2,4.7,"2306 East Cary Street Richmond, VA  23223 ",141,Steak,$31 to $50,Richmond,http://www.bookbindersrichmond.com,Lynnecohen@comcast.net,(804) 643-6900,5.0 out of 5,This was our second experience dining at Bookbinder's and it was just as enjoyable as the first. The food and service was outstanding. Bookbinder's is where we will go for special occasions in the future.,01/18/2013,http://www.pickgrapevine.com/wantmore6/bookbinders-richmond,bookbinders-richmond
Brookville Restaurant,http://www.opentable.com/brookville-restaurant?scpref=111&tab=2,4.4,"225 W Main St Charlottesville, VA  22902 ",60,Contemporary American,$30 and under,Charlottesville,http://brookvillerestaurant.com,brookvillerestaurant@gmail.com,(434) 202-2791,4.0 out of 5,"Outstanding service, menu with good variety, very traditional European cuisine with a few local/southern touches. Quiet dining upstairs with traditional decor, dark colors. Nothing too fancy or modern. Prices are a bit on the expensive side of 'fair' for dishes served. Complimentary amuse bouche is always a welcome treat.",01/29/2013,http://www.pickgrapevine.com/wantmore6/brookville-restaurant,brookville-restaurant
Brutti's,http://www.opentable.com/bruttis?scpref=111&tab=2,3.9,"467 Court Street Portsmouth, VA  23704 ",14,Contemporary American,$30 and under,Portsmouth,http://www.bruttis.com,bruttifood@aol.com,(757) 393-1923,2.0 out of 5,"The food was relatively good but WAY MORE PRICEY than it was worth. We made a reservation & it was honored right away, so that was nice but, again, the brunch buffet was NOT worth the price & the menu they offered was in no way enticing. We won't return.",01/27/2013,http://www.pickgrapevine.com/wantmore6/bruttis,bruttis
Buckheads - Richmond,http://www.opentable.com/buckheads-richmond?scpref=111&tab=2,4.5,"8510 Patterson Avenue Richmond, VA  23229 ",87,Steak,$31 to $50,Richmond,http://www.buckheads.com,sales@buckheads.com,(804) 750-2000,5.0 out of 5,"It's been over 10 years since I had been to Buckheads and everything I could remember held true. Great service, incredible food, and nice atmosphere. Their wine list is impressive. It's no secret that all this comes at a handsome price, but it's hard to match the quality that you get.",02/13/2013,http://www.pickgrapevine.com/wantmore6/buckheads-richmond,buckheads-richmond
Buon Amici,http://www.opentable.com/buon-amici?scpref=111&tab=2,3.8,"5201 Center Street Williamsburg, VA  23188 ",60,Italian,$30 and under,Williamsburg,http://www.buonamiciwilliamsburg.com,buonamiciwilliamsburg@gmail.com,(757) 220-8188,5.0 out of 5,"The Veal Saltimboca, Italian Cobb Salad, the soup; Pasta Fazule, and the Fish and pasta dishes shared by all was outstanding. Everything was absolutely delicious. Highly recommend this restaurant!",02/09/2013,http://www.pickgrapevine.com/wantmore6/buon-amici,buon-amici
Burton's Grill Virginia Beach,http://www.opentable.com/burtons-grill-virginia-beach?scpref=111&tab=2,4.5,"741 First Colonial Rd Suite 107 Virginia Beach, VA  23451 ",113,American,$30 and under,Virginia Beach,http://www.burtonsgrill.com/,virginiabeach@burtonsgrill.com,(757) 422-8970,4.0 out of 5,"We always enjoy our experience when we go to Burton's. We love the people, we love the food, we love that we have a wonderfully kid friendly place to go. Thank you.",12/15/2012,http://www.pickgrapevine.com/wantmore6/burtons-grill-virginia-beach,burtons-grill-virginia-beach
Byrd and Baldwin Bros. Steakhouse,http://www.opentable.com/byrd-and-baldwin-bros-steakhouse?scpref=111&tab=2,4.5,"116 Brooke Avenue Norfolk, VA  23510 ",36,Steakhouse,$31 to $50,Norfolk,http://www.byrdbaldwin.com,manager@byrdbaldwin.com,(757) 222-9191,3.0 out of 5,"This was our second visit to Byrd and Baldwin Bros. We went for an early valentine's dinner. Overall our experience was just ""ok"". The steaks were excellent - both cooked perfectly - but the mashed potatoes were gummy and tasted like they had been sitting under a heating lamp for a while. Spinach salad was way overdressed and soggy. Service was fair given that it was not that crowded. For the price of the food I expect alot better.",02/08/2013,http://www.pickgrapevine.com/wantmore6/byrd-and-baldwin-bros-steakhouse,byrd-and-baldwin-bros-steakhouse
C Street,http://www.opentable.com/c-street?scpref=111&tab=2,3.5,"3325 West Cary Street Richmond, VA  23221 ",8,Contemporary American,$30 and under,Richmond,http://www.cstreetrva.com,lamone@cstreetrva.com,(804) 355-2200,4.0 out of 5,"First time at C=Street for dinner. Service was good. Music too loud. 4 of 5 liked their entree choice: crab cakes, mahi mahi..... but the lamb chops were greasy without much taste. Earlier lunch visits were excellent, so will try again.",02/15/2013,http://www.pickgrapevine.com/wantmore6/c-street,c-street
Cafe Provencal - Williamsburg,http://www.opentable.com/cafe-provencal-williamsburg?scpref=111&tab=2,4.8,"5810 Wessex Hundred Williamsburg, VA  23185 ",79,Mediterranean,$30 and under,Williamsburg,http://www.cafe-provencal.com,cbull@wedmoreplace.com,(757) 941-0310,5.0 out of 5,"We've been looking for a favorite restaurant in Williamsburg, and now I think it's Cafe Provencal!",02/13/2013,http://www.pickgrapevine.com/wantmore6/cafe-provencal-williamsburg,cafe-provencal-williamsburg
Camino - Charlottesville,http://www.opentable.com/camino-charlottesville?scpref=111&tab=2,4.0,"220 W Market Street Charlottesville, VA  22902 ",8,European,$30 and under,Charlottesville,http://caminocville.com/,caminocville@gmail.com,(434) 293-2323,5.0 out of 5,"My wife, grad student daughter and I most certainly enjoyed Camino. The service, ambience, and good conversation was all a joy--and the food was spectacular. The paella was delicious--a tasty blend, not overpowering, with seasoning that amplified rather than dominated. The fennel appetizer was a force of nature--it was so wonderful we wanted it as soup. As well, the wine choices were perfect for the food and the setting--an excellent selection fairly priced. We very much enjoyed the restaurant and will certainly visit again.",01/19/2013,http://www.pickgrapevine.com/wantmore6/camino-charlottesville,camino-charlottesville
The Cellars,http://www.opentable.com/the-cellars?scpref=111&tab=2,4.7,"4001 Church Point Rd Virginia Beach, VA  23455 ",53,American,$31 to $50,Norfolk,http://www.thecellarsvb.com,cellars@thecellarsvb.com,(757) 460-2210,5.0 out of 5,"Top notch dining. Flavor-full, pleasing dishes, Victorian Castle atmosphere, great service. We will be coming back once a week!",02/12/2013,http://www.pickgrapevine.com/wantmore6/the-cellars,the-cellars
Chateau Morrisette,http://www.opentable.com/chateau-morrisette?scpref=111&tab=2,4.6,"287 Winery Road SW Floyd, VA  24091 ",157,Fusion / Eclectic,$31 to $50,Floyd,http://www.thedogs.com,info@thedogs.com,(540) 593-9227,3.0 out of 5,"The food and service wasn't what it has been in my previous visits. I've always loved the shrimp and grits but the pickled vegetables added to the top kinda ruined in, thankfully they were pushed off to the side easily. The appetizer--fried green tomatoes-was excellent. The ambiance is still lovely and so I enjoyed my birthday meal overall pretty well.",02/09/2013,http://www.pickgrapevine.com/wantmore6/chateau-morrisette,chateau-morrisette
Chez Foushee,http://www.opentable.com/chez-foushee?scpref=111&tab=2,4.7,"2 E. Grace St. Richmond, VA  23220 ",117,Continental,$30 and under,Richmond,http://www.chezfoushee.com,info@chezfoushee.com,(804) 648-3225,5.0 out of 5,The service staff works as a unified team and they are always superb!,02/14/2013,http://www.pickgrapevine.com/wantmore6/chez-foushee,chez-foushee
Chiba Japanese Steakhouse,http://www.opentable.com/chiba-japanese-steakhouse?scpref=111&tab=2,3.9,"5294 Fairfield Shopping Center Virginia Beach, VA  23464 ",9,Japanese,$30 and under,Virginia Beach,http://www.japanchiba.com,info@japanchiba.com,(757) 333-7781,2.0 out of 5,"It seems there were only 2 chefs and four tables waiting to be served, so they seemed as though they were very rushed. The decor was...no comment. They had space heaters in the establisment.",12/31/2012,http://www.pickgrapevine.com/wantmore6/chiba-japanese-steakhouse,chiba-japanese-steakhouse
Circa 1918,http://www.opentable.com/circa-1918?scpref=111&tab=2,4.1,"10367 Warwick Blvd Newport News, VA  23601 ",12,Contemporary American,$31 to $50,Newport News,"",circa1918@gmail.com,(757) 599-1918,2.0 out of 5,"First off with this restaurant the only way you will get into the door if you have a reservation. With having to make the reservation I was expecting the restaurant be a bit more up scale. The restaurant was very noisy and very small. I was expecting the the same atmosphere as there other restaurant Create. A place were you wanted to spend your Anniversary at. But instead I felt like I was at a bar. We were sat at a very small table for two, were you didn't feel like you had much room. To give you a example the table would only had enough room for you dinner plates and nothing else. We only got to our drinks and a appetizer before we decided to go to a different restaurant in Williamsburg.",12/22/2012,http://www.pickgrapevine.com/wantmore6/circa-1918,circa-1918
Clifton Inn,http://www.opentable.com/clifton-inn?scpref=111&tab=2,4.0,"1296 Clifton Inn Drive Charlottesville, VA  22911 ",34,International,$50 and over,Charlottesville,http://www.thecliftoninn.com,reservations@cliftoninn.net,(434) 971-1800,3.0 out of 5,"While we have eaten at Clifton for years including the chef table and wine cellar, I was most embarrassed to bring two new people, good friends from Waynesboro, on this night. It was packed, service good, but fish not cooked enough to eat and not worth even 50% off as each couple paid 160. wish it had been a different experience for sure.",02/11/2013,http://www.pickgrapevine.com/wantmore6/clifton-inn,clifton-inn
Coastal Grill,http://www.opentable.com/coastal-grill?scpref=111&tab=2,4.7,"1427 North Great Neck Road Virginia Beach, VA  23454 ",111,Seafood,$30 and under,Virginia Beach,http://www.CoastalGrill.Com,CoastalGrill@gmail.com,(757) 496-3348,5.0 out of 5,My overall favorite. Outstanding everytime.,02/14/2013,http://www.pickgrapevine.com/wantmore6/coastal-grill,coastal-grill
Cobalt Grille,http://www.opentable.com/cobalt-grille?scpref=111&tab=2,4.4,"1624 Laskin Road Suite 762 Virginia Beach, VA  23451",83,Contemporary American,$30 and under,Virginia Beach,http://www.cobaltgrille.com,awilliams@cobaltgrille.com,(757) 333-3334,5.0 out of 5,The chef's approach to pairing new foods together was refreshing. My Scallops Rockefeller appetizer was amazing. The Caprese Salad with Fried Green Tomatoes was over the top good. Our entre's were delectable and the Creme Brûlée Sampler was the perfect way to finish up a wonderful experience.,02/14/2013,http://www.pickgrapevine.com/wantmore6/cobalt-grille,cobalt-grille
Croc's 19th Street Bistro,http://www.opentable.com/crocs-19th-street-bistro?scpref=111&tab=2,4.2,"620 19th Street Virginia Beach, VA  23451 ",43,American,$30 and under,Virginia Beach,http://www.crocs19thstreetbistro.com,info@crocs19thstreetbistro.com,(757) 428-5444,5.0 out of 5,"We attended the ""He said/She said"" beer and wine review. It was fabulous. It was awecome that I was able to sample so many beers and wines with each course. I would recommend to anyone and everyone!",02/11/2013,http://www.pickgrapevine.com/wantmore6/crocs-19th-street-bistro,crocs-19th-street-bistro
"Crossings Restaurant, Bar & Lounge - Westin Richmond",http://www.opentable.com/crossings-restaurant-bar-and-lounge-westin-richmond?scpref=111&tab=2,3.6,"6631 West Broad St Richmond, VA  23230 ",11,American,$30 and under,Richmond,http://www.westinrichmond.com/crossings,concierge@westinrichmond.com,(804) 282-8444,4.0 out of 5,The restaurant was great about accomodating our dietary restrictions and gave my husband his own V-Day dessert so we didn't have to share. They even gave all the women a single red rose to celebrate the holiday. It was a nice touch.,02/14/2013,http://www.pickgrapevine.com/wantmore6/crossings-restaurant-bar-and-lounge-westin-richmond,crossings-restaurant-bar-and-lounge-westin-richmond
The Dining Room at the Berkeley Hotel,http://www.opentable.com/the-dining-room-at-the-berkeley-hotel?scpref=111&tab=2,3.9,"1200 East Cary Street Richmond, VA  23219 ",37,Continental,$30 and under,Richmond,http://www.berkeleyhotel.com,kwall@berkeleyhotel.com,(804) 225-5105,5.0 out of 5,"Was a wonderful evening! The food and service were great....just top notch! However, the music choice of 70's and 80's rock just did not fit the ambiance of the restaurant. Try some classical music for a more relaxing atmosphere.",01/19/2013,http://www.pickgrapevine.com/wantmore6/the-dining-room-at-the-berkeley-hotel,the-dining-room-at-the-berkeley-hotel
Downtown Grille,http://www.opentable.com/downtown-grille?scpref=111&tab=2,4.5,"201 West Main Street Charlottesville, VA  22902 ",87,Steakhouse,$30 and under,Charlottesville,http://www.downtowngrille.com,downtowngrille@aol.com,(434) 817-7080,5.0 out of 5,management and staff were very friendly and the evening went quite well......i'll be back!.....bernie martin,02/14/2013,http://www.pickgrapevine.com/wantmore6/downtown-grille,downtown-grille
Eagles Restaurant - Kingsmill Resort,http://www.opentable.com/eagles-restaurant-kingsmill-resort?scpref=111&tab=2,3.5,"1010 Kingsmill Rd Williamsburg, VA  23185 ",4,American,$30 and under,Williamsburg,http://www.kingsmill.com/eagles/,mark.florimonte@kingsmill.com,(866) 832-5665,3.0 out of 5,"I ordered soup of day and BLT sandwich. Soup was not as hot as it should be. BLT was actually a triple decker sandwich which I do not like. Didn't see indications on menu that it was triple decker. Basically, it made it awkward to eat and was more than I desired. Waitress was great and ambiance was very good. We like the location.",12/18/2012,http://www.pickgrapevine.com/wantmore6/eagles-restaurant-kingsmill-resort,eagles-restaurant-kingsmill-resort
Eat. An American Bistro,http://www.opentable.com/eat-an-american-bistro?scpref=111&tab=2,4.1,"4005 Atlantic Avenue Virginia Beach, VA  23451 ",74,American,$30 and under,Virginia Beach,http://www.eatbistro.net/,yum@eatbistro.com,(757) 965-2472,4.0 out of 5,Terrific and different food. Service was off a bit for some reason.,02/09/2013,http://www.pickgrapevine.com/wantmore6/eat-an-american-bistro,eat-an-american-bistro
Eurasia Cafe & Wine Bar - Virginia Beach,http://www.opentable.com/eurasia-cafe-and-wine-bar-virginia-beach?scpref=111&tab=2,4.6,"960 Laskin Rd Virginia Beach, VA  23451 ",49,American,$31 to $50,Virginia Beach,http://www.eurasiavb.com,david_edelen@eurasiavb.com,(757) 422-0184,5.0 out of 5,"A must try!! Creative twists on foods, intimate space, waitstaff great.... Go today!!",02/14/2013,http://www.pickgrapevine.com/wantmore6/eurasia-cafe-and-wine-bar-virginia-beach,eurasia-cafe-and-wine-bar-virginia-beach
Eurasia Cafe and Wine Bar - Richmond,http://www.opentable.com/eurasia-cafe-and-wine-bar-richmond?scpref=111&tab=2,4.2,"1308 Gaskins Road Richmond, VA  23238 ",32,American,$30 and under,Richmond,http://www.eurasiarich.com,brandon_howard@eurasiarich.com,(804) 740-2525,5.0 out of 5,"I particularly enjoy the beet carpaccio on a regular basis. A real bonus this time was the vegetarian lasagna. Although I am not a vegetarian, I prefer vegetarian lasagna and this was delicious. I hope it will go on the regular menu soon.",02/14/2013,http://www.pickgrapevine.com/wantmore6/eurasia-cafe-and-wine-bar-richmond,eurasia-cafe-and-wine-bar-richmond
Europa - Richmond,http://www.opentable.com/europa?scpref=111&tab=2,4.1,"1409 E Cary St Richmond, VA  23219 ",70,Italian,$30 and under,Richmond,http://www.europarichmond.com,contact@europarichmond.com,(804) 643-0911,4.0 out of 5,"The appetizers were exceptional, as well as the service. The entre was lacking some flavor but still very good. Overall my date and I had a good/great experience. I would recomend the resturaunt to a friend.",02/14/2013,http://www.pickgrapevine.com/wantmore6/europa,europa
Fin Seafood Restaurant,http://www.opentable.com/fin-seafood-restaurant?scpref=111&tab=2,4.2,"3150 William Styron Square Newport News, VA  23606 ",25,Seafood,$30 and under,Newport News,http://www.finseafood.com,finseafoodrestaurant@gmail.com,(757) 599-5800,5.0 out of 5,"Excellent service and food quality. Wait time for appetizers and entrees was very low. You have to try the crab dip. All food was not overwhelming on spices used, excellent taste. Decor was very nicely done. Wine list is one of the largest I have seen.",02/14/2013,http://www.pickgrapevine.com/wantmore6/fin-seafood-restaurant,fin-seafood-restaurant
Fiorello Ristorante Italiano,http://www.opentable.com/fiorello-ristorante-italiano?scpref=111&tab=2,4.7,"943 J Clyde Morris Blvd Newport News, VA  23601 ",18,Italian,$30 and under,Newport News,http://www.fiorelloitaliano.com,jack@fiorelloitaliano.com,(757) 952-1122,5.0 out of 5,always excellent. We go there regularly and are never disappointed. Great staff,01/26/2013,http://www.pickgrapevine.com/wantmore6/fiorello-ristorante-italiano,fiorello-ristorante-italiano
Firebrew,http://www.opentable.com/firebrew?scpref=111&tab=2,4.2,"1253 Nimmo Parkway Suite 117 Virginia Beach, VA  23454 ",27,American,$30 and under,Virginia Beach,http://www.fire-brew.com,info@fire-brew.com,(757) 689-2800,5.0 out of 5,Over all great place to dine. Friend staff and great food made of a great experience. The self serve wine and beer bar was also a cool feature that I would like to go back and checkout.,01/31/2013,http://www.pickgrapevine.com/wantmore6/firebrew,firebrew
First and Sixth,http://www.opentable.com/first-and-sixth?scpref=111&tab=2,4.1,"611 S. Jefferson St Roanoke, VA  24011 ",89,American,$31 to $50,Roanoke,http://www.firstandsixth.com,manager@firstandsixth.com,(540) 400-8082,3.0 out of 5,The filet was outstanding. The flounder was undercooked and the crab had too much filler. Would definitely go back and order the filet again but not the flounder. Very nice atmosphere. Service was slow but we weren't in a hurry.,02/09/2013,http://www.pickgrapevine.com/wantmore6/first-and-sixth,first-and-sixth
Fleming's Steakhouse - Richmond,http://www.opentable.com/flemings-steakhouse-richmond?scpref=111&tab=2,4.3,"9200 Stony Point Parkway Suite 131 Richmond, VA  23235",62,Steak,$31 to $50,Richmond,http://www.flemingssteakhouse.com/Richmond,richmond@flemingssteakhouse.com,(804) 272-7755,5.0 out of 5,Excellent choice for any occasion.,02/14/2013,http://www.pickgrapevine.com/wantmore6/flemings-steakhouse-richmond,flemings-steakhouse-richmond
Fossett's,http://www.opentable.com/fossetts?scpref=111&tab=2,4.5,"Keswick Hall at Monticello 701 Club Drive Keswick, VA  22947",71,American,$31 to $50,Charlottesville,http://www.keswick.com,fossetts@keswick.com,(434) 979-3440,5.0 out of 5,"Elegant and romantic way to spend an anniversary. They wrote ""Happy Anniversary"" on our dessert plate of Margherita Semifreddo - in chocolate sauce! A complementary champagne toast and excellent service made for a beautiful evening.",02/13/2013,http://www.pickgrapevine.com/wantmore6/fossetts,fossetts
The Glass Haus Kitchen,http://www.opentable.com/the-glass-haus-kitchen?scpref=111&tab=2,4.1,"313 Second Street S.E. Charlottesville, VA  22902 ",66,American,$31 to $50,Charlottesville,http://www.glasshauskitchen.com,info@glasshauskitchen.com,(434) 244-8439,3.0 out of 5,"Attentive service, nice bar, good drinks.We had a reservation at 8 pm, did not get seated until at least 8:30, they covered some of our bar tab (nice) but our friends had already paid for drinks.The waiter was great and friendly and relaxed. The upstairs was way too hot. Even after taking off my sweater it was uncomfortable. The appetizers were okay, nothing really special. The entrees were just average. I had the pork chop and it was dry. The scallops were fine, but really nothing to get excited about. My friend liked his sea bass. Pretty expensive for the quality of the food. Will be interesting to see if they make it. I think they will, as the interior design on the first floor is really great and the bar is a super place to drink.",02/09/2013,http://www.pickgrapevine.com/wantmore6/the-glass-haus-kitchen,the-glass-haus-kitchen
The Grapevine,http://www.opentable.com/the-grapevine?scpref=111&tab=2,3.7,"11055 Three Chopt Rd Henrico, VA  23233 ",6,Italian,$30 and under,Richmond,http://www.richmondgrapevine.com/,trakfamilyrestaurants@yahoo.com,(804) 440-9100,4.0 out of 5,"The serbice was very good. My partner has the egg plant parm and said it was very good. I had a greek sampler and found it good, but not great. It was quiet, not super busy, clean and nicely decorated.",01/18/2013,http://www.pickgrapevine.com/wantmore6/the-grapevine,the-grapevine
Hanover Tavern Restaurant & Pub,http://www.opentable.com/hanover-tavern-restaurant-and-pub?scpref=111&tab=2,4.2,"13181 Hanover Courthouse Road Hanover, VA  23069 ",52,Southern,$30 and under,Hanover,http://www.hanovertavern.org,info@hanovertavern.org,(804) 537-5250,3.0 out of 5,"We had not been to the Tavern in awhile. It was a decent meal, not exceptional.",02/13/2013,http://www.pickgrapevine.com/wantmore6/hanover-tavern-restaurant-and-pub,hanover-tavern-restaurant-and-pub
The Hard Shell - Downtown,http://www.opentable.com/the-hard-shell-downtown?scpref=111&tab=2,4.3,"1411 East Cary Street Richmond, VA  23220 ",107,Seafood,$30 and under,Richmond,http://TheHardShell.com,TheHardShell@aol.com,(804) 643-2333,5.0 out of 5,love it best service in richmond,02/14/2013,http://www.pickgrapevine.com/wantmore6/the-hard-shell-downtown,the-hard-shell-downtown
Harper's Table,http://www.opentable.com/harpers-table?scpref=111&tab=2,4.6,"122 N. Main St Suffolk, VA  23434 ",81,American,$30 and under,Suffolk,http://www.harperstable.com,info@harperstable.com,(757) 539-2000,5.0 out of 5,"The staff and level of service at Harper's Table is just what you are looking for. Attentive, but not to intrusive. They offer a good wine selection and the food is superb! The chef specials are always a great surprise.",02/14/2013,http://www.pickgrapevine.com/wantmore6/harpers-table,harpers-table
Hondos,http://www.opentable.com/hondos?scpref=111&tab=2,4.3,"4120 Cox Rd. Suite B Glen Allen, VA  23060",140,Steakhouse,$31 to $50,Glen Allen,http://www.hondosprime.com,reservations@hondosprime.com,(804) 968-4323,4.0 out of 5,"All in all the food was excellent. I ordered a filet mignon and liked my meat cooked well done. Most places I have been to, never get it right, usually leaving it very rare in the center. Hondos not only cooked it correctly, but the waiter had me check the filet to make sure it was cooked to my satisfaction. I was very impressed with that.",02/13/2013,http://www.pickgrapevine.com/wantmore6/hondos,hondos
Hot Tuna,http://www.opentable.com/hot-tuna-virginia-beach?scpref=111&tab=2,4.4,"2817 Shore Drive Virginia Beach, VA  23451 ",28,Seafood,$30 and under,Virginia Beach,http://www.hottunavb.com,info@hottunavb.com,(757) 481-2888,5.0 out of 5,Waitress was excellent and food was well prepared,02/14/2013,http://www.pickgrapevine.com/wantmore6/hot-tuna-virginia-beach,hot-tuna-virginia-beach
The Ironhorse,http://www.opentable.com/the-ironhorse?scpref=111&tab=2,4.2,"100 South Railroad Avenue Ashland, VA  23005 ",58,Contemporary American,$30 and under,Ashland,http://www.ironhorserestaurant.com,ironhorse.tables@comcast.net,(804) 752-6410,5.0 out of 5,The best dinner I have ever had,02/14/2013,http://www.pickgrapevine.com/wantmore6/the-ironhorse,the-ironhorse
Isabella's Italian Trattoria,http://www.opentable.com/isabellas-italian-trattoria?scpref=111&tab=2,4.5,"4925 Boonsboro Road Lynchburg, VA  24503 ",57,Italian,$30 and under,Lynchburg,http://www.isabellasitalian.com,trattoria@verizon.net,(434) 385-1660,5.0 out of 5,Isabella's was amazing as always. The food was absolutely delicious & the service was fantastic!,02/14/2013,http://www.pickgrapevine.com/wantmore6/isabellas-italian-trattoria,isabellas-italian-trattoria
The Ivy Inn Restaurant,http://www.opentable.com/the-ivy-inn-restaurant?scpref=111&tab=2,4.6,"2244 Old Ivy Road Charlottesville, VA  22903 ",122,Contemporary American,$31 to $50,Charlottesville,http://www.ivyinnrestaurant.com,Ivyinn@comcast.net,(434) 977-1222,5.0 out of 5,We eat here 2or3 times a year for special occasions and have never been disappointed. The food is always outstanding and the servers are always professional and attentive without being obtrusive.,02/12/2013,http://www.pickgrapevine.com/wantmore6/the-ivy-inn-restaurant,the-ivy-inn-restaurant
James Landing Grille- Kingsmill Resort,http://www.opentable.com/james-landing-grille-kingsmill-resort?scpref=111&tab=2,4.0,"1010 Kingsmill Rd Williamsburg, VA  23185 ",46,Seafood,$30 and under,Williamsburg,http://www.kingsmill.com/jameslandinggrille/,mark.florimonte@kingsmill.com,(866) 832-5665,1.0 out of 5,"Service was slow and the food was poor,much better places to eat in Williamsburg.",02/01/2013,http://www.pickgrapevine.com/wantmore6/james-landing-grille-kingsmill-resort,james-landing-grille-kingsmill-resort
Joshua Wilton House,http://www.opentable.com/joshua-wilton-house?scpref=111&tab=2,4.6,"412 S Main St Harrisonburg, VA  22801 ",72,Fusion / Eclectic,$30 and under,Harrisonburg,http://www.joshuawilton.com,info@joshuawilton.com,(540) 434-4464,5.0 out of 5,"From our view, easily the best in Harrisonburg, Virginia. Service is absolute tops: attentive, friendly, knows the menu backwards and forwards. Joshua Wilton House is and will remain our ""go-to"" place for special occasions.",02/14/2013,http://www.pickgrapevine.com/wantmore6/joshua-wilton-house,joshua-wilton-house
Kincaid's - Norfolk,http://www.opentable.com/kincaids-norfolk?scpref=111&tab=2,3.9,"300 Monticello Ave. Norfolk, VA  23510 ",93,Steak,$31 to $50,Norfolk,http://kincaids.com/page/home,Tgoodman@r-u-i.com,(757) 622-8000,4.0 out of 5,Service was excellent!! Only down side was that they were out of calamari but everything else was excellent,02/14/2013,http://www.pickgrapevine.com/wantmore6/kincaids-norfolk,kincaids-norfolk
Kona Grill - Richmond,http://www.opentable.com/kona-grill-glen-allen?scpref=111&tab=2,4.2,"11221 West Broad Street Glen Allen, VA  23060 ",62,Contemporary American,$30 and under,Richmond,http://www.konagrill.com,richmond@konagrill.com,(804) 364-5660,4.0 out of 5,"The atmosphere was comfortable and made for a wonderful evening. The wait staff were very knowledgeable about the menu and offered many suggestions for both our meals and drinks. Overall it was very pleasant and with good music, good food, and good people.",02/14/2013,http://www.pickgrapevine.com/wantmore6/kona-grill-glen-allen,kona-grill-glen-allen
La Bella in Ghent,http://www.opentable.com/la-bella-in-ghent?scpref=111&tab=2,4.2,"738 W 22nd St Norfolk, VA  23517 ",10,Italian,$30 and under,Norfolk,http://www.labellainghent.com,labellainghent@hotmail.com,(757) 622-6172,5.0 out of 5,Always fabulous and authentic Italian food and wonderful service as well.,01/20/2013,http://www.pickgrapevine.com/wantmore6/la-bella-in-ghent,la-bella-in-ghent
La Grotta - Richmond,http://www.opentable.com/la-grotta-richmond?scpref=111&tab=2,4.1,"1218 E Cary Street Richmond, VA  23219 ",107,Italian,$30 and under,Richmond,http://lagrottaristorante.com,info@lagrottaristorante.com,(804) 644-2466,1.0 out of 5,The service was okay but my food was not.,02/06/2013,http://www.pickgrapevine.com/wantmore6/la-grotta-richmond,la-grotta-richmond
La Parisienne Bistro and Cafe,http://www.opentable.com/la-parisienne-bistro-and-cafe?scpref=111&tab=2,4.5,"200 South 10th St Richmond, VA  23219 ",11,French,$30 and under,Richmond,http://laparisiennebistro.com,ali@laparisiennebistro.com,(804) 225-0225,5.0 out of 5,"We stopped in on a Friday night and were so pleasantly surprised. The food was outstanding. My husband had the duck breast which had a delicious glaze and I had the perfectly cooked tuna special. We saved some room for dessert crepes...you won't find a dessert this good anywhere in Richmond! We could have shared one but we had enough to take home and have the next morning for breakfast (tsk, tsk!). Best of all, the owner, Ali, was incredibly friendly and visited with us during our meal. Straight from Paris, he has done a great job with a downtown location. I suspect the lunch crowd is huge. The dinner crowd was small and quiet, making it a perfect place for a romantic dinner where we didn't have to yell to carry on a conversation.",02/01/2013,http://www.pickgrapevine.com/wantmore6/la-parisienne-bistro-and-cafe,la-parisienne-bistro-and-cafe
Lafayette Inn & Restaurant,http://www.opentable.com/lafayette-inn-and-restaurant?scpref=111&tab=2,4.6,"146 E Main Street Stanardsville, VA  22973 ",13,Southern,$30 and under,Charlottesville,http://www.thelafayette.com,info@thelafayette.com,(434) 985-6345,5.0 out of 5,"Everything was fantastic, thank you!",11/03/2012,http://www.pickgrapevine.com/wantmore6/lafayette-inn-and-restaurant,lafayette-inn-and-restaurant
Le Yaca,http://www.opentable.com/le-yaca?scpref=111&tab=2,4.8,"1915 Pocahontas Trail Williamsburg, VA  23185-5663 ",308,French,$31 to $50,Williamsburg,http://www.leyacawilliamsburg.com,joy@leyacawilliamburg.com,(757) 220-3616,5.0 out of 5,"Le Yaca is an excellent French restaurant. Very good food, friendly service, and nice atmosphere. Definitely on the pricier side, but a nice place for a date night.",02/13/2013,http://www.pickgrapevine.com/wantmore6/le-yaca,le-yaca
Lehja,http://www.opentable.com/lehja?scpref=111&tab=2,4.4,"Short Pump Town Center 11800 West Broad Street, Suite 910 Richmond, VA  23233",39,Indian,$30 and under,Richmond,http://www.Lehja.Com,info@Lehja.com,(804) 364-1111,5.0 out of 5,"My wife and I have been looking for a GOOD Indian Restaurant and we finally found an EXCELLENT one but alas, it is 215 miles from our home in NC. The lunch we had made the drive worth while as did our visit to the VIRGINIA MUESEUM of FINE ARTS which, is the reason we were in Richmond.Whenever we get near Richmond we will make it a point to stop at Lehja. Also, they are located in an outstanding Open Mall Shopping Center as well.",02/07/2013,http://www.pickgrapevine.com/wantmore6/lehja,lehja
Lemaire at The Jefferson Hotel,http://www.opentable.com/lemaire-at-the-jefferson-hotel?scpref=111&tab=2,4.5,"101 West Franklin Street Richmond, VA  23220 ",223,Contemporary American,$30 and under,Richmond,http://www.lemairerestaurant.com ,lemairerestaurant@jeffersonhotel.com,(804) 649-4629,4.0 out of 5,"Prie fixe dinner was an excellent value, as was the wine-pairing. Waitress made excellent suggestions, but we were able to order any house wines. Both of us opted to take her recommendations and were happy that we did. I would have rated food as outstanding, but I did not care for the chocolate bread pudding.",02/05/2013,http://www.pickgrapevine.com/wantmore6/lemaire-at-the-jefferson-hotel,lemaire-at-the-jefferson-hotel
Local Chop & Grill House,http://www.opentable.com/local-chop-and-grill-house?scpref=111&tab=2,4.6,"56 W. Gay St Harrisonburg, VA  22802 ",82,Steakhouse,$30 and under,Harrisonburg,http://www.localchops.com,info@localchops.com,(540) 801-0505,5.0 out of 5,The Chop House is one of my favorite places to eat in Harrisonburg. Two out of town business colleagues were very impressed and talked about it for days. The building is a comfortable space that feels just right- nice but not too fancy; quiet enough for converstaion but not dull. Beer choices were very good and we enjoyed the local Three Brothers Double IPA. Food was excellent starting with interesting salads and a wonderful home made sweet potato soup that was surprisingly light had very interesting flavors. My guests had ribeye steaks - one locally raised special and the other a normal menu item (because they were out of the special) and I had scallops. Service was very good all cooked to perfection. I recommend a visit.,02/13/2013,http://www.pickgrapevine.com/wantmore6/local-chop-and-grill-house,local-chop-and-grill-house
Local Roots - A Farm to Table Restaurant,http://www.opentable.com/local-roots-a-farm-to-table-restaurant?scpref=111&tab=2,4.4,"1314 Grandin Rd Roanoke, VA  24015 ",17,American,$30 and under,Roanoke,http://www.localrootsrestaurant.com,info@localrootsrestaurant.com,(540) 206-2610,5.0 out of 5,"My husband and I had dinner at Local Roots for my birthday. I had never had the opportunity to enjoy a chef's tasting menu and noticed that they offered one... so we tried their 7 course offering. Honestly, it was exquisite. Each item was beautifully prepared, amazingly flavorful and the variety - well, we had an amazing two and half hours of exploring tastes and textures and talking and... it was just lovely. I had the wine pairing with my meal, my husband did not. Truly enjoyed their offerings, I am not a connoisseur so the explanations were enjoyed and appreciated. The wait staff is quite knowledgeable and professional. We live in San Diego and I am hard pressed to name a restaurant here that I think is as good as Local Roots.",02/01/2013,http://www.pickgrapevine.com/wantmore6/local-roots-a-farm-to-table-restaurant,local-roots-a-farm-to-table-restaurant
Lynnhaven Fish House,http://www.opentable.com/lynnhaven-fish-house?scpref=111&tab=2,4.4,"2350 Starfish Rd Virginia Beach, VA  23451 ",32,Seafood,$30 and under,Virginia Beach,http://lynnhavenfishhouse.net,chris@lynnhavenfishhouse.net,(757) 481-0003,2.0 out of 5,"The restaurant is older and in need of a face lift. The staff was polite, but overall service was just average. The prices were high for the value in my opinion. I would not recommend based on my experience.",02/13/2013,http://www.pickgrapevine.com/wantmore6/lynnhaven-fish-house,lynnhaven-fish-house
M Bistro & Wine Bar- Richmond,http://www.opentable.com/m-bistro-and-wine-bar-richmond?scpref=111&tab=2,4.1,"4821 Old Main Street Richmond, VA  23231 ",86,Contemporary American,$30 and under,Richmond,http://www.mbistro-rocketts.com/,info@mbistro-rocketts.com,(804) 652-2300,4.0 out of 5,"Enjoyed a great crabcake dinner. Nice ambiance, great service. Nice wine selection and martino was well done.Definitely worth a visit.",02/12/2013,http://www.pickgrapevine.com/wantmore6/m-bistro-and-wine-bar-richmond,m-bistro-and-wine-bar-richmond
Maggiano's - Richmond,http://www.opentable.com/maggianos-richmond?scpref=111&tab=2,4.5,"11800 West Broad Street Richmond, VA  23233 ",390,Italian,$30 and under,Richmond,http://www.maggianos.com,richmond.information@maggianos.com,(804) 253-0900,2.0 out of 5,"Last time for awhile. Service was better this time, but everything else is strictly average. Food is not warm and average quality. Not recommended",02/14/2013,http://www.pickgrapevine.com/wantmore6/maggianos-richmond,maggianos-richmond
Mahi Mah's Seafood Restaurant and Sushi Saloon,http://www.opentable.com/mahi-mahs-seafood-restaurant-and-sushi-saloon?scpref=111&tab=2,3.8,"615 Atlantic Avenue Virginia Beach, VA  23451 ",38,Seafood,$30 and under,Virginia Beach,http://www.mahimahs.com,dave.edwards@phrinc.com,(757) 437-8030,5.0 out of 5,"The Server Nigel was great,he explained the food very well and had a great personality, the food was excellent, cooked perfect, fresh, great, great tast and product. Was very pleased.",02/13/2013,http://www.pickgrapevine.com/wantmore6/mahi-mahs-seafood-restaurant-and-sushi-saloon,mahi-mahs-seafood-restaurant-and-sushi-saloon
Maya,http://www.opentable.com/maya-charlottesville?scpref=111&tab=2,4.2,"633 West Main St. Charlottesville, VA  22903 ",51,Southern,$30 and under,Charlottesville,http://www.maya-restaurant.com,maya.cville.restaurant@gmail.com,(434) 979-6292,5.0 out of 5,Great meal. The sea bass was excellent. Enjoyed the ambiance and local flavor. The staff was friendly and courteous.,02/09/2013,http://www.pickgrapevine.com/wantmore6/maya-charlottesville,maya-charlottesville
McCormick & Schmick's Seafood - Virginia Beach,http://www.opentable.com/mccormick-and-schmicks-seafood-virginia-beach?scpref=111&tab=2,4.2,"211 Market Street Virginia Beach, VA  23462 ",275,Seafood,$30 and under,Virginia Beach,http://www.McCormickandSchmicks.com,msvb@ldry.com,(757) 687-8686,5.0 out of 5,our server was amazing her food and drink reccomendations were superb!! the ambiance was romantic yet upbeat and the food was delicious. This is the PERFECT date night location,02/14/2013,http://www.pickgrapevine.com/wantmore6/mccormick-and-schmicks-seafood-virginia-beach,mccormick-and-schmicks-seafood-virginia-beach
The Melting Pot - Charlottesville,http://www.opentable.com/the-melting-pot-charlottesville?scpref=111&tab=2,4.6,"501 E. Water Street Charlottesville, VA  22902 ",78,Fondue,$31 to $50,Charlottesville,http://www.meltingpot.com/charlottesville/specials,cvillemeltingpot@aol.com,(434) 244-3463 x4,3.0 out of 5,"Service was rushed, food was overpriced",02/09/2013,http://www.pickgrapevine.com/wantmore6/the-melting-pot-charlottesville,the-melting-pot-charlottesville
The Melting Pot - Newport News,http://www.opentable.com/the-melting-pot-newport-news?scpref=111&tab=2,4.5,"12233 Jefferson Avenue #3 Newport News, VA  23602 ",84,Fondue,$31 to $50,Newport News,http://www.meltingpot.com/newport-news/specials,ortizlia@gmail.com,(757) 369-9500,5.0 out of 5,The experience was awesome. The waiter was awesome.,02/13/2013,http://www.pickgrapevine.com/wantmore6/the-melting-pot-newport-news,the-melting-pot-newport-news
The Melting Pot - Richmond,http://www.opentable.com/the-melting-pot-richmond?scpref=111&tab=2,4.4,"9704 Gayton Road Richmond, VA  23233 ",153,Fondue,$31 to $50,Richmond,http://www.meltingpot.com/richmond/specials,chezfondue@aol.com,(804) 741-3120,5.0 out of 5,"The Melting Pot is a great, romantic restaurant. Whether it is your first date, anniversary or special occasion, the place feels like it is just you and your partner. I like how they changed the menu and makes it much easier to customize your order.",02/12/2013,http://www.pickgrapevine.com/wantmore6/the-melting-pot-richmond,the-melting-pot-richmond
The Melting Pot - Virginia Beach,http://www.opentable.com/the-melting-pot-virginia-beach?scpref=111&tab=2,4.5,"1564 Laskin Road, Suite 182 Virginia Beach, VA  23451 ",152,Fondue,$31 to $50,Virginia Beach,http://www.meltingpot.com/virginia-beach/specials,customerservice@virginiabeachmeltingpot.com,(757) 425-3463,4.0 out of 5,"The food, service, and atmosphere of the melting pot is WONDERFUL. It is very pricy,and there isn't much food, but the food that's there is delicious, and perfect. It's a novelty and I'd only recommend it for special occasions due to the price.",02/13/2013,http://www.pickgrapevine.com/wantmore6/the-melting-pot-virginia-beach,the-melting-pot-virginia-beach
Metro!,http://www.opentable.com/metro?scpref=111&tab=2,4.2,"14 East Campbell Ave. Roanoke, VA  24011 ",29,American,$31 to $50,Roanoke,http://www.metroroanoke.com,chefandyschlosser@yahoo.com,(540) 345-6645,4.0 out of 5,"Food was great, service was extremely slow",02/10/2013,http://www.pickgrapevine.com/wantmore6/metro,metro
Mizuno Japanese Restaurant,http://www.opentable.com/mizuno-japanese-restaurant?scpref=111&tab=2,4.8,"1860 Laskin Road Suite 115B Virginia Beach, VA  23454",10,Japanese,$31 to $50,Virginia Beach,http://www.mizunosushi.com,mizunosushi@gmail.com,(757) 422-1200,5.0 out of 5,"This is the best Japanese restaurant we have tried in Tidewater. Fun new decor, and the Sushi bar is a blast to watch.",01/28/2013,http://www.pickgrapevine.com/wantmore6/mizuno-japanese-restaurant,mizuno-japanese-restaurant
Morton's The Steakhouse - Richmond,http://www.opentable.com/mortons-the-steakhouse-richmond?scpref=111&tab=2,4.4,"111 Virginia Street Richmond, VA  23219 ",59,Steakhouse,$50 and over,Richmond,http://mortons.com,gm.mch@mortons.com,(804) 648-1662,5.0 out of 5,"From the moment my date and I entered we were treated as if we were the only people in the restaurant. They tailored the entire experience to our specific expectations and really made us feel special. Associates of mine who had previously dined at this establishment warned me of the great expense however, taking in account he caliber of the food, the portion size, the wine selection, attention to detail and level of service I'd have to say I would have gladly paid double. The atmosphere was nice , not the most romantic, but I really enjoyed the opened view of the kitchen and the sharpness of the design and the appearance of the wait staff. I would highly recommend Morton's to anyone who enjoys MAGNIFICENT food and BRILLIANT service.",02/07/2013,http://www.pickgrapevine.com/wantmore6/mortons-the-steakhouse-richmond,mortons-the-steakhouse-richmond
MOSAIC Restaurant,http://www.opentable.com/mosaic-restaurant?scpref=111&tab=2,4.0,"6229a River Road Richmond, VA  23229 ",137,Contemporary American,$30 and under,Richmond,http://www.mosaicedibles.com,richmond@mosaicedibles.com,(804) 288-7482,2.0 out of 5,I have been to Mosaic many times but this visit was very disappointing.,02/09/2013,http://www.pickgrapevine.com/wantmore6/mosaic-restaurant,mosaic-restaurant
Nawab Indian Cuisine - Newport News,http://www.opentable.com/nawab-indian-cuisine-newport-news?scpref=111&tab=2,4.3,"11712 Jefferson Avenue Newport News, VA  23606 ",6,Indian,$30 and under,Newport News,http://www.nawabonline.com,info@nawabonline.com,(757) 591-9200,5.0 out of 5,"We make regular trips to enjoy Indian cuisine, and Nawab never disappoints!",12/09/2012,http://www.pickgrapevine.com/wantmore6/nawab-indian-cuisine-newport-news,nawab-indian-cuisine-newport-news
Nawab Indian Cuisine - Norfolk,http://www.opentable.com/nawab-indian-cuisine-norfolk?scpref=111&tab=2,4.0,"888 N Military Hwy Norfolk, VA  23502 ",1,Indian,$30 and under,Norfolk,http://www.nawabonline.com,info@nawabonline.com,(757) 455-8080,4.0 out of 5,"nawab is a great place anytime. The food, service, and ambiance is always top notch.",11/22/2012,http://www.pickgrapevine.com/wantmore6/nawab-indian-cuisine-norfolk,nawab-indian-cuisine-norfolk
Nawab Indian Cuisine - Williamsburg,http://www.opentable.com/nawab-indian-cuisine-williamsburg?scpref=111&tab=2,4.4,"204 Monticello Avenue Williamsburg, VA  23185 ",7,Indian,$30 and under,Williamsburg,http://www.nawabonline.com,info@nawabonline.com,(757) 565-3200,5.0 out of 5,"""I love the relaxed feel, saver was polite and helpful. The food was Delicious .",12/31/2012,http://www.pickgrapevine.com/wantmore6/nawab-indian-cuisine-williamsburg,nawab-indian-cuisine-williamsburg
The Neighbors Place,http://www.opentable.com/the-neighbors-place?scpref=111&tab=2,4.3,"104 Paulette Circle Lynchburg, VA  24502 ",28,Contemporary American,$30 and under,Lynchburg,http://www.theneighborsplace.com,info@theneighborsplace.com,(434) 455-4300,5.0 out of 5,"We have been there many times. The food, service, special occasion's or anytime have always been a 5 star if not more experience. We booked my husband's 70th birthday and ""sweet heart""day there just last week.",02/14/2013,http://www.pickgrapevine.com/wantmore6/the-neighbors-place,the-neighbors-place
Norfolk Chop House,http://www.opentable.com/norfolk-chop-house?scpref=111&tab=2,4.4,"2314 Colonial Ave Norfolk, VA  23517 ",58,Steakhouse,$30 and under,Norfolk,http://www.norfolkchophouse.com,info@norfolkchophouse.com,(757) 627-1190,5.0 out of 5,"It was great. The waiter was a unprofessional by calling me nick name like ""guy, boss"" I am a chef and the food was great just the waiter was not up to par and also the waiter kept touching my guest and I every time he came to check on out foor or drinks.",02/13/2013,http://www.pickgrapevine.com/wantmore6/norfolk-chop-house,norfolk-chop-house
One Fish Two Fish,http://www.opentable.com/one-fish-two-fish?scpref=111&tab=2,4.5,"2109 West Great Neck Road  Suite 102 Virginia Beach, VA  23451",105,Seafood,$30 and under,Virginia Beach,http://www.onefish-twofish.com,mail@onefish-twofish.com,(757) 496-4350,5.0 out of 5,Great Place. The sun sets over the water here. Fantastic spot for a date at sunset...,02/14/2013,http://www.pickgrapevine.com/wantmore6/one-fish-two-fish,one-fish-two-fish
Opus 9 Steakhouse,http://www.opentable.com/opus-9-steakhouse?scpref=111&tab=2,4.4,"5143 Main St Williamsburg, VA  23188 ",200,Steakhouse,$31 to $50,Williamsburg,http://www.opus9steakhouse.com,reservations@opus9steakhouse.com,(757) 645-4779,5.0 out of 5,Excellent dining adventure! All aspects were what we expected. One of the best filets I've ever eaten. Wait staff was the best and very attentive. We'll be back.,02/13/2013,http://www.pickgrapevine.com/wantmore6/opus-9-steakhouse,opus-9-steakhouse
Otani Steak and Seafood,http://www.opentable.com/otani-steak-and-seafood?scpref=111&tab=2,4.1,"1532 Laskin Rd Virginia Beach, VA  23451 ",20,Japanese,$30 and under,Virginia Beach,http://www.otanigrill.com,kiho830@yahoo.com,(757) 425-0404,5.0 out of 5,"We enjoyed getting to know our ""food mates"" at our seating... Diner there is always not only about the food, but also the ""show"" that is part of the chef's routine! We had a great time!",02/13/2013,http://www.pickgrapevine.com/wantmore6/otani-steak-and-seafood,otani-steak-and-seafood
Pasha Mezze,http://www.opentable.com/pasha-mezze?scpref=111&tab=2,4.1,"340 W 22nd St Norfolk, VA  23517 ",21,Mediterranean,$30 and under,Norfolk,http://www.pashamezze.com,usapasha@mail.com,(757) 627-1318,5.0 out of 5,We move a lot and lived in the area about 4 years ago. We were fortunate enough to dine here several years ago and were happy to see they were still in the neighborhood. We introduced another couple to Pasha Mezze and they loved it as much as we did.,02/10/2013,http://www.pickgrapevine.com/wantmore6/pasha-mezze,pasha-mezze
"Passion, The Restaurant",http://www.opentable.com/passion-the-restaurant?scpref=111&tab=2,4.5,"1036 Volvo Parkway Ste 3 Chesapeake, VA  23320 ",83,Contemporary American,$30 and under,Chesapeake,http://www.passiontherestaurant.com,diane@passiontherestaurant.com,(757) 410-3975,4.0 out of 5,"The food and service were good, but it is over priced for the area.",02/14/2013,http://www.pickgrapevine.com/wantmore6/passion-the-restaurant,passion-the-restaurant
Pasture,http://www.opentable.com/pasture?scpref=111&tab=2,4.2,"416 E Grace St Richmond, VA  23219 ",83,Southern,$30 and under,Richmond,http://pastureva.com,Pasturerva@gmail.com,(804) 780-0416,4.0 out of 5,Great Food and Great cocktails!,02/11/2013,http://www.pickgrapevine.com/wantmore6/pasture,pasture
The Peacock's Pantry,http://www.opentable.com/the-peacocks-pantry?scpref=111&tab=2,5.0,"1731 West Main Street Richmond, VA  23220 ",3,Contemporary American,$30 and under,Richmond,http://www.peacockspantry.com,peacockspantry@aol.com,(804) 732-3333,3.0 out of 5,I think that the overall intention was well but the execution needed work the host made us wait for quite some time for an extremely inconvenient location when there was at least 3 empty tables so I had to refuse that table. Once seated my wife observed that all of the staff seemed nervous as if they weren't trained efficiently but although it took a long time for appetizers and the first course I think the waiter wasn't bad. I actually started to unwind until I observed the bartender passing out roses and gave every woman in the restaurant a rose except for my wife and since we were the only African Americans there it didn't take long for us to jump to conclusions since we all were paying the same amount. But the food came out well,02/14/2013,http://www.pickgrapevine.com/wantmore6/the-peacocks-pantry,the-peacocks-pantry
Portico Restaurant - Richmond,http://www.opentable.com/portico-restaurant-richmond?scpref=111&tab=2,4.3,"12506 River Road Richmond, VA  23238 ",141,Italian,$30 and under,Richmond,http://porticorichmond.com,porticodining@gmail.com,(804) 784-4800,4.0 out of 5,"Portico's indoor space is somewhat small with many tables, so it tends to be very noisy. I have been just twice, but on both occasions the food was good but not outstanding, and was served at near room temperature. The thing that makes this place special is its outdoor patio, and when I return I will only do so when weather permits outdoor seating.",02/14/2013,http://www.pickgrapevine.com/wantmore6/portico-restaurant-richmond,portico-restaurant-richmond
Preston's,http://www.opentable.com/prestons-blacksburg?scpref=111&tab=2,4.3,"901 Prices Fork Rd Blacksburg, VA  24061 ",58,Steakhouse,$31 to $50,Blacksburg,http://www.innatvirginiatech.com/dining_lounge/prestons_restaurant/,PrestonsRestaurant@vt.edu,(540) 231-0120,5.0 out of 5,Having candidate interviews whether Breakfast or Dinner in Preston's Restaurant was very enjoyable.,02/13/2013,http://www.pickgrapevine.com/wantmore6/prestons-blacksburg,prestons-blacksburg
Rappahannock,http://www.opentable.com/rappahannock?scpref=111&tab=2,4.1,"320 E. Grace St. Richmond, VA  23219 ",178,Seafood,$30 and under,Richmond,http://www.rroysters.com,reservations@rroysters.com,(804) 545-0565,5.0 out of 5,"What an amazing meal! I haven't been this excited about a dinner in a long time. Great assortment of fresh oysters, assorted wine list and knowledgeable wait staff.",02/14/2013,http://www.pickgrapevine.com/wantmore6/rappahannock,rappahannock
Regency Dining Room - The Hotel Roanoke & Conference Center,http://www.opentable.com/regency-dining-room-the-hotel-roanoke-and-conference-center?scpref=111&tab=2,4.4,"110 Shenandoah Ave NE Roanoke, VA  24016 ",36,Southern,$31 to $50,Roanoke,http://www.HotelRoanoke.com,dmcgettigan@hotelroanoke.com,(540) 985-5900,5.0 out of 5,They were very accommodating for our special occasion anniversary!,01/15/2013,http://www.pickgrapevine.com/wantmore6/regency-dining-room-the-hotel-roanoke-and-conference-center,regency-dining-room-the-hotel-roanoke-and-conference-center
Restaurant Pomme,http://www.opentable.com/restaurant-pomme?scpref=111&tab=2,4.6,"115 S Main St Gordonsville, VA  22942 ",75,French,$30 and under,Gordonsville,http://www.restaurant-pomme.com,pomme2@verizon.net,(540) 832-0130,5.0 out of 5,Have visited the Restaurant Pomme several times in the past five years. This is one of the best restaurants in the east. The food is always perfectly prepared. The taste is fantastic. The service is impecible. My wife and I always have a great evening when we dine at this restaurant!,02/13/2013,http://www.pickgrapevine.com/wantmore6/restaurant-pomme,restaurant-pomme
Rhett's River Grill and Raw Bar,http://www.opentable.com/rhetts-river-grill-and-raw-bar?scpref=111&tab=2,3.9,"2335 Seminole Trail Suite 100 Charlottesville, VA  22901",23,American,$30 and under,Charlottesville,http://www.rhettsrivergrill.com,rhett@rhettsrivergrill.com,(434) 974-7818,2.0 out of 5,"Ordered duck. It was almost raw. The server said ""that's the way the chef makes it"". I almost sent it back but didn't. I agree duck should not be overlooked but this was raw. You're better off at a Ruby Tuesday where the food is at least consistent.",02/08/2013,http://www.pickgrapevine.com/wantmore6/rhetts-river-grill-and-raw-bar,rhetts-river-grill-and-raw-bar
River Stone Chophouse,http://www.opentable.com/river-stone-chophouse?scpref=111&tab=2,4.4,"8032 Harbour View Boulevard Suffolk, VA  23435 ",97,Steakhouse,$50 and over,Suffolk,http://www.riverstonechophouse.com,riverstone@charter.net,(757) 638-7990,5.0 out of 5,Fine dining with the most accomadating service I have had in some time. My waiter was superb. The food was unparalleled. The entire expierence was sublime.,02/09/2013,http://www.pickgrapevine.com/wantmore6/river-stone-chophouse,river-stone-chophouse
River's Inn Restaurant,http://www.opentable.com/rivers-inn-restaurant?scpref=111&tab=2,3.9,"8109 Yacht Haven Rd Gloucester, VA  23062 ",22,Seafood,$30 and under,Gloucester,http://www.rivers-inn.com,riversinn@yryh.net,(804) 642-9942,1.0 out of 5,"I think the restaurant had an off night we were there. We have had great experiences there over the years but not on 14 Feb 2013. Our waitress did not take our order until 15 minutes into the evening, and that was for drinks. We had to ask for the wine we ordered 3 times. My wife's soup was warmish but not hot, but she wasn't about to chance the delay waiting for it to be warmed up. My wife's meal was cold when she finally got it, 45 minutes after the wine had made its way to our table. Desert never made it and neither did the bill. We calculated what we owed and I left a tip; I did lose some serious points with my wife on that issue. Two tables left while we were there, never made it past drinks. However, Sweet Frog was great!",02/14/2013,http://www.pickgrapevine.com/wantmore6/rivers-inn-restaurant,rivers-inn-restaurant
Riverwalk Restaurant,http://www.opentable.com/riverwalk-restaurant?scpref=111&tab=2,4.5,"323 Water Street Suite A-1 Yorktown, VA  23690 ",66,Seafood,$30 and under,Yorktown,http://www.riverwalkrestaurant.net,info@riverwalkrestaurant.net,(757) 875-1522,5.0 out of 5,"Excellent food, excellent service, excellent ambiance, excellent view",02/14/2013,http://www.pickgrapevine.com/wantmore6/riverwalk-restaurant,riverwalk-restaurant
Rockafeller's Restaurant,http://www.opentable.com/rockafellers-restaurant?scpref=111&tab=2,4.6,"308 Mediterranean Ave Virginia Beach, VA  23451 ",12,Seafood,$30 and under,Virginia Beach,http://www.rockafellers.com,info@rockafellers.com,(757) 422-5654,4.0 out of 5,Food didn't seem up to usual quality. I am guessing with it being restaurant week the kitchen may have been overwhelmed.Won't keep us from coming back.Service was great as usual!,01/20/2013,http://www.pickgrapevine.com/wantmore6/rockafellers-restaurant,rockafellers-restaurant
RumbleSeat Grill,http://www.opentable.com/rumbleseat-grill?scpref=111&tab=2,3.0,"12912 Plaza Dr Richmond, VA  23233 ",2,American,$30 and under,Richmond,http://www.rumbleseatgrill.com,info@rumbleseatgrill.com,(804) 784-2737,3.0 out of 5,"Nice place, the food was good, not great, if I had young kids it would be a regular stop. They've really brightened the place and it's very welcoming.",02/02/2013,http://www.pickgrapevine.com/wantmore6/rumbleseat-grill,rumbleseat-grill
Ruth's Chris Steak House - Richmond,http://www.opentable.com/ruths-chris-steak-house-richmond?scpref=111&tab=2,4.6,"11500 Huguenot Road Midlothian, VA  23113 ",82,Steak,$50 and over,Richmond,http://www.sizzlingsteak.com,richmond30@ruthschris.com,(804) 378-0600,5.0 out of 5,Ruth's Chris always does it right!,02/14/2013,http://www.pickgrapevine.com/wantmore6/ruths-chris-steak-house-richmond,ruths-chris-steak-house-richmond
Ruth's Chris Steak House - Virginia Beach,http://www.opentable.com/ruths-chris-steak-house-virginia-beach?scpref=111&tab=2,4.6,"205 Central Park Avenue Virginia Beach, VA  23462 ",74,Steak,$50 and over,Virginia Beach,http://www.sizzlingsteak.com,virginiabeach96@ruthschris.com,(757) 213-0747,5.0 out of 5,"Always outstanding food and service. Pricey, but you get what you pay for. I think the wine list is overpriced, but everything else is worth the price.",02/13/2013,http://www.pickgrapevine.com/wantmore6/ruths-chris-steak-house-virginia-beach,ruths-chris-steak-house-virginia-beach
Salacia - Prime Steak and Seafood,http://www.opentable.com/salacia-prime-steak-and-seafood?scpref=111&tab=2,4.5,"3001 Atlantic Ave Virginia Beach, VA  23451 ",47,Steak,$50 and over,Virginia Beach,http://www.salaciavb.com,nikolay_dimitrov@hiltonvb.com,(757) 213-3473,3.0 out of 5,"portions unecessarily small, presentation good, taste quality not",02/02/2013,http://www.pickgrapevine.com/wantmore6/salacia-prime-steak-and-seafood,salacia-prime-steak-and-seafood
Sam Miller's,http://www.opentable.com/sam-millers?scpref=111&tab=2,3.7,"1210 E.Cary St. Richmond, VA  23219 ",32,American,$30 and under,Richmond,http://www.sammillers.com,kristin@sammillers.com,(804) 644-5465,2.0 out of 5,A great place to have dinner !! Been there several times over the years.,02/14/2013,http://www.pickgrapevine.com/wantmore6/sam-millers,sam-millers
Schlesinger's Chop House,http://www.opentable.com/schlesingers-chop-house?scpref=111&tab=2,4.4,"1106 William Styron Square South Newport News, VA  23606 ",101,Steakhouse,$31 to $50,Newport News,http://www.schlesingerssteaks.com/,reservations@schlesingersteaks.com,(757) 599-4700,1.0 out of 5,"Scallop appetizer came with 3 scallops. Prime rib was served cold, then I sent it back. It was the most tasteless steak I have ever had. For the 120 dollar bill Ruth's chris is way better. I will never go back to this restaurant",02/02/2013,http://www.pickgrapevine.com/wantmore6/schlesingers-chop-house,schlesingers-chop-house
The Seafare of Williamsburg,http://www.opentable.com/the-seafare-of-williamsburg?scpref=111&tab=2,4.2,"1632 Richmond Road Williamsburg, VA  23185 ",56,Steakhouse,$31 to $50,Williamsburg,http://www.theseafare.com,marinos.sarantakos@hilton.com,(757) 229-0099,2.0 out of 5,"Average food quality. Service was spotty, but it was Valentine's day...",02/14/2013,http://www.pickgrapevine.com/wantmore6/the-seafare-of-williamsburg,the-seafare-of-williamsburg
Selba,http://www.opentable.com/selba?scpref=111&tab=2,4.2,"2416 West Cary Street Richmond, VA  23220 ",131,Contemporary American,$30 and under,Richmond,http://www.selbarichmond.com,fresh@selbarichmond.com,(804) 358-2229,2.0 out of 5,"Our experience at Selba would be described as mediocre at best. There was a long wait for any attention from our waiter. Then, the pace of things picked up but the service was never at all attentive or personable. The food was nothing I would ever return for. The portions were quite small. Both of our entrees arrived cold and were not attractively presented in the least. The taste was dull and uninspired. Others may like this restaurant but we think there are many better restaurants in Richmond than Selba.",02/16/2013,http://www.pickgrapevine.com/wantmore6/selba,selba
Shoemaker's Grille,http://www.opentable.com/shoemakers-fine-dining?scpref=111&tab=2,4.5,"1312 Commerce Street Lynchburg, VA  24504 ",93,American,$30 and under,Lynchburg,http://www.shoemakersdining.com,shoemakersmgr@gmail.com,(434) 455-1510,2.0 out of 5,We recommend Shoemaker's because of their food but be prepared for a long wait.,02/14/2013,http://www.pickgrapevine.com/wantmore6/shoemakers-fine-dining,shoemakers-fine-dining
Shula's 347 Grill - Roanoke,http://www.opentable.com/shulas-347-grill-roanoke?scpref=111&tab=2,3.9,"2801 Hershberger Rd, NW Roanoke, VA  24017 ",29,Steak,$31 to $50,Roanoke,http://www.shulas347roanoke.com,katie.camper@sheratonroanoke.com,(540) 366-5220,4.0 out of 5,Enjoyed the food and dessert was wonderful,02/14/2013,http://www.pickgrapevine.com/wantmore6/shulas-347-grill-roanoke,shulas-347-grill-roanoke
Shula's 347 Grill at the Marriott Norfolk Waterside,http://www.opentable.com/shulas-347-grill-at-the-marriott-norfolk-waterside?scpref=111&tab=2,4.4,"235 East Main Street Norfolk, VA  23510 ",29,Steak,$31 to $50,Norfolk,http://www.donshula.com/shulas-347-grill-norfolk,desbenshade@marriottnorfolk.com,(757) 282-6347,5.0 out of 5,This was a good experience. The staff were very friendly and knowledgable. I believe they helped to make my husband's birthday a great one.,01/30/2013,http://www.pickgrapevine.com/wantmore6/shulas-347-grill-at-the-marriott-norfolk-waterside,shulas-347-grill-at-the-marriott-norfolk-waterside
Shula's Steak House - Hilton Richmond Hotel & Spa,http://www.opentable.com/shulas-steak-house-hilton-richmond-hotel-and-spa?scpref=111&tab=2,4.1,"12042 West Broad Street Richmond, VA  23233 ",36,Steak,$50 and over,Richmond,http://www.donshula.com/locations.php?l=1&restid=174,info@shulasrichmond.com,(804) 565-7000,2.0 out of 5,"Overall, the value was far below the cost.",02/13/2013,http://www.pickgrapevine.com/wantmore6/shulas-steak-house-hilton-richmond-hotel-and-spa,shulas-steak-house-hilton-richmond-hotel-and-spa
Sonoma Wine Bar & Bistro - Virginia Beach,http://www.opentable.com/sonoma-wine-bar-and-bistro?scpref=111&tab=2,4.5,"189 Central Park Avenue Virginia Beach, VA  23462 ",47,Fusion / Eclectic,$30 and under,Virginia Beach,http://www.sonomatowncenter.com,kati@sonomatowncenter.com,(757) 490-9463,5.0 out of 5,"Fabulous food, outstanding service & lovely, lovely setting.",02/14/2013,http://www.pickgrapevine.com/wantmore6/sonoma-wine-bar-and-bistro,sonoma-wine-bar-and-bistro
Southern Inn Restaurant,http://www.opentable.com/southern-inn-restaurant?scpref=111&tab=2,4.5,"37 South Main Street Lexington, VA  24450 ",77,Contemporary American,$30 and under,Lexington,http://www.southerninn.com,info@southerninn.com,(540) 463-3612,5.0 out of 5,What an outstanding place!!! Great meal!!! Great Staff. Great night! Thank you!!!,02/14/2013,http://www.pickgrapevine.com/wantmore6/southern-inn-restaurant,southern-inn-restaurant
Steinhilber's Restaurant,http://www.opentable.com/steinhilbers-restaurant?scpref=111&tab=2,4.4,"653 Thalia Road Virginia Beach, VA  23452 ",152,Seafood,$31 to $50,Virginia Beach,http://www.steinys.com,reservations@steinys.com,(757) 340-1156,5.0 out of 5,"This restaurant has been around since the 1930's, and while some of the decor was a little outdated, the dedication to service and good food is probably a big factor in why it is still around and successful. The food was excellent, the wait staff very attentive and sincere about the meal and our experience. I had the fried shrimp as an appetizer and plan to have them as a meal the next time. Some of the best shrimp I've ever had! Can't wait to come back when its warmer and enjoy a drink on the deck looking over the inlet.",02/14/2013,http://www.pickgrapevine.com/wantmore6/steinhilbers-restaurant,steinhilbers-restaurant
Surf Club Ocean Grille - Wyndham Oceanfront,http://www.opentable.com/surf-club-ocean-grille-wyndham-oceanfront?scpref=111&tab=2,3.8,"5700 Atlantic Ave Virginia Beach, VA  23451 ",4,Seafood,$30 and under,Virginia Beach,http://www.surfclubvabeach.com,reservations@surfclubvabeach.com,(757) 425-5699,5.0 out of 5,"Went back for dinner. Again, I have to say the best view ever. Watched the sun set as we ate our dinner. The complimentary bread was amazing, none of us can stop thinking about it even while we had our main meal. My porkchops are in my all time top 3 of pork chops I've ever had. Also, was told the crab cake sandwich topped with a fried gren tomatoes was amazing and the angus burger was decent. The fries were unexpectedly addicting. Super thin shoestrings with awesome seasoning. Went on a Saturday night and still was only two other tables eating dinner. A hidden secret that needs to be discovered by all!",02/09/2013,http://www.pickgrapevine.com/wantmore6/surf-club-ocean-grille-wyndham-oceanfront,surf-club-ocean-grille-wyndham-oceanfront
Swan Terrace - Founder's Inn,http://www.opentable.com/swan-terrace-founders-inn?scpref=111&tab=2,4.4,"5641 Indian River Road Virginia Beach, VA  23464 ",40,Contemporary American,$30 and under,Virginia Beach,http://www.foundersinn.com,swan.terrace@foundersinn.com,(757) 366-5777,5.0 out of 5,The Swan Terrace proved to be one of the best sit down dining establishment for a date night in Virginia Beach. From the moment you enter the facility the staff welcomes you and provide the best service.,02/14/2013,http://www.pickgrapevine.com/wantmore6/swan-terrace-founders-inn,swan-terrace-founders-inn
Table 50,http://www.opentable.com/table-50?scpref=111&tab=2,4.3,"309 Market St Roanoke, VA  24011 ",79,Contemporary American,$31 to $50,Roanoke,http://www.table50roanoke.com,restaurant@table50roanoke.com,(540) 904-2350,4.0 out of 5,"The food was very good, with unique spices, sauces, and presentation. Some unusual options (like duck and side items). Service was also great. My only complaint was that the seating on the wall (a giant bench) was not comfortable and was far too low to the table (and I'm 6' tall).",02/14/2013,http://www.pickgrapevine.com/wantmore6/table-50,table-50
Tarrant's Cafe,http://www.opentable.com/tarrants-cafe?scpref=111&tab=2,4.2,"1 West Broad St. Richmond, VA  23220 ",261,American,$30 and under,Richmond,http://www.tarrantscaferva.com,tarrantscafe@gmail.com,(804) 225-0035,4.0 out of 5,"We took a friend to Tarrant's for her birthday and had a very nice experience overall. The only slight disappointment was my entree, the seafood platter, which consisted of a crab cake, broiled fish, scallops and shrimp. It was good, but not great and certainly not what I expected from a $30 entree. Everyone else loved what they ordered. I tried my friend's shrimp and grits and wished that I had ordered it too. Monday nights are half-priced glasses of wine, which was a nice surprise. The service and atmosphere were good and combined with the food made for a very lovely evening for us all.",02/11/2013,http://www.pickgrapevine.com/wantmore6/tarrants-cafe,tarrants-cafe
Tempo,http://www.opentable.com/tempo-charlottesville?scpref=111&tab=2,3.6,"117 5th Street SE Charlottesville, VA  22902 ",15,Contemporary American,$30 and under,Charlottesville,http://www.tempocville.com,tempocville@gmail.com,(434) 244-0217,3.0 out of 5,My wife ordered the Sherwood Farm Angus Cut and really enjoyed it.,02/08/2013,http://www.pickgrapevine.com/wantmore6/tempo-charlottesville,tempo-charlottesville
Ten,http://www.opentable.com/ten?scpref=111&tab=2,4.4,"120 B. East Main Street Charlottesville, VA  22902 ",57,Japanese,$31 to $50,Charlottesville,http://www.ten-sushi.com,zac@ten-sushi.com,(434) 295-6691,3.0 out of 5,Food was good; place was was good and cozy.,02/09/2013,http://www.pickgrapevine.com/wantmore6/ten,ten
Terrapin Restaurant,http://www.opentable.com/terrapin-restaurant?scpref=111&tab=2,4.8,"3102 Holly Rd Suite 514 Virginia Beach, VA  23451 ",82,Contemporary American,$31 to $50,Virginia Beach,http://terrapinvirginiabeach.com/default.aspx,info@terrapinvirginiabeach.com,(757) 321-6688,5.0 out of 5,"My wife and I come here for special occasions because we consider Terrapin the best restaurant in VB. From the friendly greeting to the attentive service, we were treated very well. The wonderful flavors in the food are supported by the healthy, local ingredients. A great place to celebrate.",02/12/2013,http://www.pickgrapevine.com/wantmore6/terrapin-restaurant,terrapin-restaurant
Thirty 7 North Restaurant & Bar,http://www.opentable.com/thirty-7-north-restaurant-and-bar?scpref=111&tab=2,4.3,"2105 W Great Neck Rd Virginia Beach, VA  23451 ",75,American,$30 and under,Virginia Beach,http://thirty7north.com,management@thirty7north.com,(757) 412-0203,5.0 out of 5,"Food, service, and ambiance were all great. Hostess was friendly and efficient. We will return.",02/14/2013,http://www.pickgrapevine.com/wantmore6/thirty-7-north-restaurant-and-bar,thirty-7-north-restaurant-and-bar
TJ's at The Jefferson Hotel,http://www.opentable.com/tjs-at-the-jefferson-hotel?scpref=111&tab=2,4.1,"101 West Franklin Street Richmond, VA  23220 ",71,American,$30 and under,Richmond,http://www.jeffersonhotel.com,tjsrestaurant@jeffersonhotel.com,(804) 649-4672,5.0 out of 5,My family and friends enjoyed our lunch at TJ's,01/05/2013,http://www.pickgrapevine.com/wantmore6/tjs-at-the-jefferson-hotel,tjs-at-the-jefferson-hotel
The Tobacco Company Restaurant,http://www.opentable.com/the-tobacco-company-restaurant?scpref=111&tab=2,4.3,"1201 East Cary Street Richmond, VA  23219 ",264,American,$31 to $50,Richmond,http://www.thetobaccocompany.com,marketing@thetobaccocompany.com,(804) 782-9555,3.0 out of 5,"Poor crab cakes. Very dry. No flavor.Prime Rib Steak, although advertised as 'the best', was outdone by Chile/Applebee's version.",02/13/2013,http://www.pickgrapevine.com/wantmore6/the-tobacco-company-restaurant,the-tobacco-company-restaurant
Todd Jurich's Bistro,http://www.opentable.com/todd-jurichs-bistro?scpref=111&tab=2,4.3,"150 West Main Street Suite 100 Norfolk, VA  23510 ",68,Contemporary American,$30 and under,Norfolk,http://www.toddjurichsbistro.com,tjbistro@cox.net,(757) 622-3210,5.0 out of 5,A favorite special occasion restaurant for us. Outstanding food and impecable service. One of the very best restaurants in Hampton Roads.,02/09/2013,http://www.pickgrapevine.com/wantmore6/todd-jurichs-bistro,todd-jurichs-bistro
TradeWinds Restaurant - Virginia Beach Resort Hotel - Virginia Beach,http://www.opentable.com/tradewinds-restaurant-virginia-beach-resort-hotel?scpref=111&tab=2,4.0,"2800 Shore Drive Virginia Beach, VA  23451 ",4,Seafood,$30 and under,Virginia Beach,http://www.tradewindsrestaurant.com,tradewinda@virginiabeachresort.com,(757) 481-9000 x20,5.0 out of 5,We went during restaurant week and enjoyed our visit. The food was excellent and the waiter was very attentive.We will return.,01/18/2013,http://www.pickgrapevine.com/wantmore6/tradewinds-restaurant-virginia-beach-resort-hotel,tradewinds-restaurant-virginia-beach-resort-hotel
Trilogy Bistro,http://www.opentable.com/trilogy-bistro?scpref=111&tab=2,4.3,"101 Granby Street Norfolk, VA  23510 ",76,Seafood,$30 and under,Norfolk,http://www.trilogynorfolk.com,fusion440@hotmail.com,(757) 961-0896,4.0 out of 5,The food was outstanding as well as the wait staff.,02/10/2013,http://www.pickgrapevine.com/wantmore6/trilogy-bistro,trilogy-bistro
Vintage Kitchen,http://www.opentable.com/vintage-kitchen?scpref=111&tab=2,4.3,"999 Waterside Drive Norfolk, VA  23510 ",51,American,$30 and under,Norfolk,http://www.vintage-kitchen.com,info@vintage-kitchen.com,(757) 625-3370,4.0 out of 5,I went for Restaurant Week. Great food and service. Interesting layout -- first floor.,01/21/2013,http://www.pickgrapevine.com/wantmore6/vintage-kitchen,vintage-kitchen
Vintage Tavern,http://www.opentable.com/vintage-tavern?scpref=111&tab=2,4.6,"1900 Governor's Pointe Drive Suffolk, VA  23436 ",115,American,$30 and under,Suffolk,http://www.vintagetavernvirginia.com,vintagetavernva@gmail.com,(757) 238-8808,5.0 out of 5,The best fine dining restaurant I have ever been. I have been 5 time now and The Vintage Tavern never dissapoints!,02/13/2013,http://www.pickgrapevine.com/wantmore6/vintage-tavern,vintage-tavern
Walker's Dam Grill,http://www.opentable.com/walkers-dam-grill?scpref=111&tab=2,4.0,"1428 Outpost Road Lanexa, VA  23089 ",6,Italian,$30 and under,Lanexa,http://www.rockahock.com/HiddenPages/WalkersDAMGrill.aspx,walkersdamgrill@gmail.com,(804) 966-8333,4.0 out of 5,"Really good Italian food - such a surprise out in the middle of nowhere! Wines by the glass were only $6.00 and the chianti was very good. Service was very good, in a downhome way - don't expect upscale! Ambiance is definitely NOT upscale, so don't go looking for that, and be happy with the food!",02/10/2013,http://www.pickgrapevine.com/wantmore6/walkers-dam-grill,walkers-dam-grill
The Water Grill - Richmond,http://www.opentable.com/the-water-grill?scpref=111&tab=2,4.4,"3411 West Cary Street Richmond, VA  23221 ",216,Seafood,$30 and under,Richmond,http://www.thewatergrill.com,contact@thewatergrill.com,(804) 353-3411,3.0 out of 5,"Food was just ""ok"". Crab legs were not good. Waitress was very friendly and attentive.",02/14/2013,http://www.pickgrapevine.com/wantmore6/the-water-grill,the-water-grill
Wild Wolf Brewing Company,http://www.opentable.com/wild-wolf-brewing-company?scpref=111&tab=2,4.1,"2461 Rockfish Valley Highway Nellysford, VA  22958 ",20,Gastro Pub,$30 and under,Nellysford,http://www.wildwolfbeer.com,askthewolf@wildwolfbeer.com,(434) 361-0088,5.0 out of 5,The 2 dinners we had were excellent and we'll be back soon,02/13/2013,http://www.pickgrapevine.com/wantmore6/wild-wolf-brewing-company,wild-wolf-brewing-company
Xtra's Cafe,http://www.opentable.com/xtras-cafe?scpref=111&tab=2,4.2,"3322-B W. Cary St. Richmond, VA  23221 ",29,Contemporary American,$30 and under,Richmond,http://www.XtrasCafe.com,xtra.moore@xtrascafe.com,(804) 355-0446,4.0 out of 5,"First visit to Xtra's but not my last. Great menu, food and service. Will see you again soon.",02/14/2013,http://www.pickgrapevine.com/wantmore6/xtras-cafe,xtras-cafe
Zia Marie,http://www.opentable.com/zia-marie?scpref=111&tab=2,4.3,"4497 Lookout Rd Virginia Beach, VA  23455 ",35,Italian,$30 and under,Virginia Beach,http://zia-marie.com,bill@zia-marie.com,(757) 460-0715,1.0 out of 5,"The food is excellent but the service was awful. We were there for over 2 hours, had to physically get up from table to track down the waitress to ask for check and then had to physically take the check to the cashier and stand in the way of other waitresses to get it paid so we could leave.",02/13/2013,http://www.pickgrapevine.com/wantmore6/zia-marie,zia-marie
Zinc - Charlottesville,http://www.opentable.com/zinc-charlottesville?scpref=111&tab=2,4.0,"420 W Main St Charlottesville, VA  22903 ",41,Contemporary American,$31 to $50,Charlottesville,http://www.comptoirzinc.com,zinc420@gmail.com,(434) 245-9462,4.0 out of 5,my duck was so undercooked i could not chew it so it needed to be reheated and in doing so the presenation suffered and the vegtables became soggy. Others enjoyed their meals thoroughly.,02/08/2013,http://www.pickgrapevine.com/wantmore6/zinc-charlottesville,zinc-charlottesville
Zoes Steak & Seafood,http://www.opentable.com/zoes-steak-and-seafood?scpref=111&tab=2,4.6,"713 19th Street Virginia Beach, VA  23451-4114 ",86,Contemporary American,$31 to $50,Virginia Beach,http://www.zoesvb.com,info@zoesvb.com,(757) 437-3636,5.0 out of 5,Went there for an early Valentine's Day dinner. Everyone associated with Zoe's was very nice. We enjoyed our 2nd visit as much as the first. Great place to go for a special dinner.Neil and Sharon,02/11/2013,http://www.pickgrapevine.com/wantmore6/zoes-steak-and-seafood,zoes-steak-and-seafood
