17 North,http://www.opentable.com/17-north?scpref=110&tab=2,4.0,"3563 N Hwy 17 Mt. Pleasant, SC  29464 ",79,American,$30 and under,Mt. Pleasant,http://www.roadsidekitchens.com,heatherh@roadsidekitchens.com,(843) 606-2144,2.0 out of 5,"17 North had been one of our favorites- for ourselves and to bring out of town guests.Not so anymore.They have a lot or work to do to get back to high quality food, service and overall dining experience.",11/03/2012,http://www.pickgrapevine.com/wantmore6/17-north,17-north
181 Palmer,http://www.opentable.com/181-palmer?scpref=110&tab=2,4.6,"66 Columbus Street Culinary Institute of Charleston Charleston, SC  29403",37,American,$30 and under,Charleston,http://www.tridenttech.edu/culinary_institute_of_charleston_16608.htm,181palmer@tridenttech.edu,(843) 820-5087,5.0 out of 5,The fried oyster appetizer was delicious. Would love it if it was also offered as an entree,10/29/2012,http://www.pickgrapevine.com/wantmore6/181-palmer,181-palmer
82 Queen,http://www.opentable.com/82-queen?scpref=110&tab=2,4.2,"82 Queen Street Charleston, SC  29401 ",408,Low Country,$30 and under,Charleston,http://www.82queen.com,info@82queen.com,(843) 723-7591,3.0 out of 5,"Wanted to charge sharing fee for salad. No other restaurant we've eaten at in Charleston has done that. Beef bourgonoin was awful, tough and chewy. Was taken off check. But with all the great restaurants in the city, would not go back.",11/06/2012,http://www.pickgrapevine.com/wantmore6/82-queen,82-queen
Al Di La,http://www.opentable.com/al-di-la?scpref=110&tab=2,4.3,"25 Magnolia Rd. Charleston, SC  29407 ",164,Italian,$30 and under,Charleston,http://www.aldilarestaurant.com,info@aldilarestaurant.com,(843) 571-2321,4.0 out of 5,As always this is an execellent place to have a nice quiet and romantic meal. The food was absolutely AMAZING! Out of all the resturants in Charleston; this by far is the closest thing to true italian food that you will ever get here.,11/03/2012,http://www.pickgrapevine.com/wantmore6/al-di-la,al-di-la
Alexander's - Hilton Head Island,http://www.opentable.com/alexanders-hilton-head-island?scpref=110&tab=2,4.4,"76 Queen's Folly Rd Hilton Head Island, SC  29928 ",138,Seafood,$30 and under,Hilton Head,http://alexandersrestaurant.com,alexandershhi@live.com,(843) 785-4999,5.0 out of 5,Mainly went for the food as it was ranked very high on the list for the area. We knew it would be fairly expensive but we were there for my wife's birthday. Remember happy wife means happy husband. The food was excellent. We both had the specials lamb and fillet and they were cooked perfectly.,11/04/2012,http://www.pickgrapevine.com/wantmore6/alexanders-hilton-head-island,alexanders-hilton-head-island
Amen Street Fish + Raw Bar,http://www.opentable.com/amen-street-fish-and-raw-bar?scpref=110&tab=2,4.1,"205 East Bay Street Charleston, SC  29401 ",205,Seafood,$30 and under,Charleston,http://Amenstreet.com,amenstreet@yahoo.com,(843) 853-8600,3.0 out of 5,waitress would rather talk that do her job,11/04/2012,http://www.pickgrapevine.com/wantmore6/amen-street-fish-and-raw-bar,amen-street-fish-and-raw-bar
American Grocery Restaurant,http://www.opentable.com/american-grocery-restaurant?scpref=110&tab=2,4.4,"732 S. Main St. Greenville, SC  29601 ",112,Contemporary American,$31 to $50,Greenville,http://www.americangr.com,info@americangr.com,(864) 232-7665,5.0 out of 5,"We all had great meals, I had the best sword fish dinner ever. We have been here several times never disappointed.",11/03/2012,http://www.pickgrapevine.com/wantmore6/american-grocery-restaurant,american-grocery-restaurant
Aspen Grille,http://www.opentable.com/aspen-grille?scpref=110&tab=2,4.6,"5101 N Kings Highway Myrtle Beach, SC  29577 ",132,American,$31 to $50,Myrtle Beach,http://www.aspen-grille.com,contact@aspen-grille.com,(843) 449-9191,4.0 out of 5,"Waiter was pleasant, but when presented with specific dietary needs, became a bit frazzled. Owner/chef came out to assist and calm situation. Waiter was quick to say no to dietary requests. Very awkward and uncomfortable for a bit, however, Chef/owner reversed ""no"" to the dietary needs and accommodated. Food was great, wine selection was great. Pricey but worth it for a special occasion or date night.",11/03/2012,http://www.pickgrapevine.com/wantmore6/aspen-grille,aspen-grille
Bambu Asian Bistro,http://www.opentable.com/bambu-asian-bistro?scpref=110&tab=2,4.2,"604 Coleman Blvd Mt. Pleasant, SC  29464 ",17,Asian,$30 and under,Mt. Pleasant,http://www.bambudining.com,info@bambudining.com,(843) 284-8229,4.0 out of 5,"We enjoyed dining on the patio. The sushi is fresh, with many creative offerings. The rolls are very generous so you quickly forget they are a little overpriced. There are plenty of flavors, from fruity to on fire. A nice sashimi plate is available called Belly Belisimo that is worth trying for those that enjoy nice fish cuts.",10/12/2012,http://www.pickgrapevine.com/wantmore6/bambu-asian-bistro,bambu-asian-bistro
Baron's Steaks and Spirits,http://www.opentable.com/barons-steaks-and-spirits?scpref=110&tab=2,3.4,"9650 N Kings Hwy Myrtle Beach, SC  29572 ",11,Steakhouse,$30 and under,Myrtle Beach,http://www.baronssteaksandspirits.com,jeff_shorthouse@hotmail.com,(843) 497-5200,2.0 out of 5,"The service was good but the prime rib special was small, thin and tough. Save your money and pick another steakhouse. We followed the next day by dining at Chucks Steakhouse and that was an AMAZING meal!!",07/26/2012,http://www.pickgrapevine.com/wantmore6/barons-steaks-and-spirits,barons-steaks-and-spirits
Benny Rappa's Trattoria,http://www.opentable.com/benny-rappas-trattoria?scpref=110&tab=2,4.6,"1453 Highway 17 S North Myrtle Beach, SC  29582 ",32,Italian,$30 and under,North Myrtle Beach,http://www.bennyrappas.com,mrappa@sc.rr.com,(843) 361-1056,4.0 out of 5,"We've been coming to Myrtle Beach for 25 years, and for some reason this was our first foray into Benny Rappa's. I had expected the food to be a bit spicier and more traditional Italian...and the portions were far too large. This is a charming restaurant, a good eatery that could be great if 1) they offered small plates 2) put out their butter more elegantly (i.e. NOT in wrapped foil patties) 3) worked on their flavours, particularly for fish dishes. We'll go back, and next time try something off-menu as offered by the chef, maybe a veal piccata? By the way the homemade Lemoncello is the best I've ever had...even in Italy!",10/12/2012,http://www.pickgrapevine.com/wantmore6/benny-rappas-trattoria,benny-rappas-trattoria
BIN 112 on trade street,http://www.opentable.com/bin-112-on-trade-street?scpref=110&tab=2,4.6,"112 Trade St Greer, SC  29651 ",15,Tapas / Small Plates,$30 and under,Greenville,http://www.bin112.com,info@bin112.com,(864) 848-2112,5.0 out of 5,I would highly recommend Bin 112,10/18/2012,http://www.pickgrapevine.com/wantmore6/bin-112-on-trade-street,bin-112-on-trade-street
Bistro 90,http://www.opentable.com/bistro-90?scpref=110&tab=2,4.4,"7209 Highway 90 Longs, SC  29568 ",28,Italian,$30 and under,Longs,http://www.bistro90.com,r@bistro90.com,(843) 390-5151,3.0 out of 5,"This is the place which will be dependable when looking for a place to eat. The menu is Italian and Beef. There is an acceptable wine list and bar with live music on weekends. Food preparation was not my style, but I see it a lot in low-country South Carolina - lots of sauces and dried spice mixtures on vegetables. The raw ingredients were excellent.",11/02/2012,http://www.pickgrapevine.com/wantmore6/bistro-90,bistro-90
Blossom,http://www.opentable.com/blossom?scpref=110&tab=2,4.3,"171 East Bay Street Charleston, SC  29401 ",343,Contemporary American,$30 and under,Charleston,http://www.magnolias-blossom-cypress.com,reserve@hmgi.net,(843) 722-9200,4.0 out of 5,Food was excellent and the atmosphere was refreshing....not too crowded and lively. We would definitely go here on a return visit to Charleston.,11/06/2012,http://www.pickgrapevine.com/wantmore6/blossom,blossom
Blue Marlin,http://www.opentable.com/blue-marlin?scpref=110&tab=2,4.4,"1200 Lincoln Street Columbia, SC  29201 ",102,Low Country,$30 and under,Columbia,http://www.bluemarlincolumbia.com,briandukes@yahoo.com,(803) 799-3838,4.0 out of 5,Never disappointed with the service nor the food. A treasure for Columbia.,10/29/2012,http://www.pickgrapevine.com/wantmore6/blue-marlin,blue-marlin
Blues Boulevard Jazz,http://www.opentable.com/blues-boulevard-jazz?scpref=110&tab=2,4.8,"99 South Church St Spartanburg, SC  29306 ",4,American,$30 and under,Spartanburg,http://www.bluesboulevardjazz.com,bluesbouevard@bluesboulevardjazz.com,(864) 573-9742,5.0 out of 5,Any time we have been at Blues Boulevard we had wonderful service and great martinis.,09/05/2012,http://www.pickgrapevine.com/wantmore6/blues-boulevard-jazz,blues-boulevard-jazz
Breakwater Restaurant & Bar,http://www.opentable.com/breakwater-restaurant-and-bar?scpref=110&tab=2,4.4,"203 Carteret Street, Suite 102 Beaufort, SC  29902 ",90,Contemporary American,$30 and under,Beaufort,http://www.breakwatersc.com,info@breakwatersc.com,(843) 379-0052,5.0 out of 5,Wine rooom great for party of 9,11/06/2012,http://www.pickgrapevine.com/wantmore6/breakwater-restaurant-and-bar,breakwater-restaurant-and-bar
Breakwater Restaurant & Bar - Greenville,http://www.opentable.com/breakwater-restaurant-and-bar-greenville?scpref=110&tab=2,4.3,"802 South Main St Greenville, SC  29601 ",183,American,$30 and under,Greenville,http://www.breakwatersc.com,mesmery@breakwatersc.com,(864) 271-0046,5.0 out of 5,"Our food was delicious, and our service was exceptional. We were there to have dinner as the start of a bachelorette party celebration for my sister. The chef was kind enough to send out a tasting prior to the meal and everyone raved about what they ordered. Personally, I got the caprese salad and the tapas sized scallop dish...both were amazing. Our server selected a cocktail for my sister (who is notorious for being indecisive) and she loved it.",11/01/2012,http://www.pickgrapevine.com/wantmore6/breakwater-restaurant-and-bar-greenville,breakwater-restaurant-and-bar-greenville
Brentwood Restaurant & Wine Bistro,http://www.opentable.com/brentwood-restaurant-and-wine-bistro?scpref=110&tab=2,4.6,"4269 Luck Ave Little River, SC  29566 ",54,French,$31 to $50,Little River,http://www.TheBrentwoodRestaurant.com,chef@thebrentwoodrestaurant.com,(843) 249-2601,4.0 out of 5,"A dining experience. Dinner was delicious, service was nice but dinner took 2 1/2 hours.",11/03/2012,http://www.pickgrapevine.com/wantmore6/brentwood-restaurant-and-wine-bistro,brentwood-restaurant-and-wine-bistro
The Brown Street Club,http://www.opentable.com/the-brown-street-club?scpref=110&tab=2,4.2,"115 N Brown Street Greenville, SC  29601 ",112,American,$30 and under,Greenville,http://www.brownstreetclub.com,info@brownstreetclub.com,(864) 250-9193,5.0 out of 5,"Live blues, delicious entrees, attentive but unobtrusive service, and a romantic vibe similar to the jazz clubs in Amsterdam raise this club above the rest in Greenville.",11/02/2012,http://www.pickgrapevine.com/wantmore6/the-brown-street-club,the-brown-street-club
Carolina's Restaurant,http://www.opentable.com/carolinas-restaurant?scpref=110&tab=2,4.3,"10 Exchange Street Charleston, SC  29403 ",158,Contemporary American,$30 and under,Charleston,http://www.carolinasrestaurant.com,info@carolinasrestaurant.com,(843) 724-3800,5.0 out of 5,"This tucked away gem behind the Exchange was the perfect spot for a quiet dinner after a day of sightseeing. We enjoyed a Caesar salad, the quail appetizer, the flounder, and the toasted berry pound cake. All were prepared perfectly and presented beautifully.The relaxing atmosphere, attentive service and great food made our evening the perfect end to a great day. Nice going, Carolinas!",10/18/2012,http://www.pickgrapevine.com/wantmore6/carolinas-restaurant,carolinas-restaurant
Carter's Kitchen,http://www.opentable.com/carters-kitchen?scpref=110&tab=2,4.3,"148 Civitas Street Mount Pleasant, SC  29464 ",37,American,$30 and under,Mt. Pleasant,http://www.carterskitchenion.com,ezwart@carterskitchenion.com,(843) 284-0840,5.0 out of 5,"We had a wonderful dinner at Carter's Kitchen ... Upon arrival we were warmly greeted and seated at our table immediately. The waitress was very informed and helpful when reviewing the menu. Tried the okra chips - YUM! My husband wanted low country cooking and his meal was wonderful.I am transiting into a vegan diet and was amazed by their vegan sausage, peppers and onions. At first I thought I had misunderstood that the meal was vegan as the texture and flavored were exactly as if I was eating meat. Even my carnivore husband thought my meal was delicious. Best vegan meal I have had anywhere to date! Service was super - would highly recommend this restaurant.",11/01/2012,http://www.pickgrapevine.com/wantmore6/carters-kitchen,carters-kitchen
'Cesca Charleston,http://www.opentable.com/cesca-charleston?scpref=110&tab=2,3.9,"5 Faber Street Charleston, SC  29401 ",190,Italian,$31 to $50,Charleston,http://www.cescacharleston.com,info@cescacharleston.com,(843) 718-2580,5.0 out of 5,Since I was a customer of Cesca in New York This Charleston version lives up to its New York progenerator,11/03/2012,http://www.pickgrapevine.com/wantmore6/cesca-charleston,cesca-charleston
Charleston Grill,http://www.opentable.com/charleston-grill?scpref=110&tab=2,4.8,"224 King Street Charleston, SC  29401 ",238,American,$31 to $50,Charleston,http://www.charlestongrill.com,charlestongrill@charlestonplace.com,(843) 577-4522,5.0 out of 5,We dined at the bar and had one of the best meals we ever had. Great,10/28/2012,http://www.pickgrapevine.com/wantmore6/charleston-grill,charleston-grill
Chart House Restaurant - Hilton Head,http://www.opentable.com/chart-house-restaurant-hilton-head?scpref=110&tab=2,4.1,"Two Hudsons Road Hilton Head Island, SC  29926 ",131,Seafood,$31 to $50,Hilton Head,http://www.chart-house.com,chhh@ldry.com,(843) 342-9066,5.0 out of 5,The service and attention was great! Thank you for making our Anniversary memorable.,11/05/2012,http://www.pickgrapevine.com/wantmore6/chart-house-restaurant-hilton-head,chart-house-restaurant-hilton-head
Circa 1886,http://www.opentable.com/circa-1886?scpref=110&tab=2,4.6,"149 Wentworth St. Charleston, SC  29401 ",172,Southern,$31 to $50,Charleston,http://www.circa1886.com,circa1886@charminginns.com,(843) 853-7828,3.0 out of 5,"I just moved here from Jacksonville and, being a foodie, I was looking forward to a whole new city with new restaurants. Everything was decent, I liked how quiet the restaurant was, but I got the feeling that our server was inexperienced and that the food and drinks we got weren't worth what I paid.",11/03/2012,http://www.pickgrapevine.com/wantmore6/circa-1886,circa-1886
Collector's Cafe,http://www.opentable.com/collectors-cafe?scpref=110&tab=2,4.6,"7740 N Kings Hwy Myrtle Beach, SC  29572 ",76,Mediterranean,$30 and under,Myrtle Beach,http://www.collectorscafeandgallery.com,Thomas@thomas-davis.com,(843) 449-9370,5.0 out of 5,Absolutely wonderful in every way. There may be art on the walls but the true masterpiece(s) is on the table.,11/01/2012,http://www.pickgrapevine.com/wantmore6/collectors-cafe,collectors-cafe
Conroy's at Hilton Head Marriott Resort ,http://www.opentable.com/conroys-at-hilton-head-island-marriott-resort?scpref=110&tab=2,4.4,"One Hotel Circle Hilton Head Island, SC  29928 ",5,Contemporary American,$31 to $50,Hilton Head,http://www.hiltonheadmarriott.com/conroys.html,conroys.restaurant@marriott.com,(843) 686-8499,5.0 out of 5,Enjoyed the food and the waiter was very fast and friendly. The White Chocolate bread pudding was great.,10/05/2012,http://www.pickgrapevine.com/wantmore6/conroys-at-hilton-head-island-marriott-resort,conroys-at-hilton-head-island-marriott-resort
CQ's,http://www.opentable.com/cqs?scpref=110&tab=2,4.4,"140A Lighthouse Lane Hilton Head Island, SC  29928 ",85,Contemporary American,$30 and under,Hilton Head,http://www.cqsrestaurant.com,manager@cqsrestaurant.com,(843) 671-2779,4.0 out of 5,"Every time we visit Hilton Head my husband and I come here for a special dinner while the grandparents watch our children. This time we brought our girls, 4 and 9, as a special treat. While we enjoyed the ambiance and our food, we were quite disappointed in the service for our kids and their food. They both ordered pasta and we thought, this being a lovely restaurant, something special would be done--chopped veggies or or herbs or or something as opposed to just pasta with some cheese. Also, our waitress never acknowledged our children. She asked us for our drink, dinner and dessert orders-- never them. We had to call her back to get them drinks. They were on their best behavior and I was surprised at the lack of service for them.",11/04/2012,http://www.pickgrapevine.com/wantmore6/cqs,cqs
Crane's Tavern Steakhouse & Seafood,http://www.opentable.com/cranes-tavern-steakhouse-and-seafood?scpref=110&tab=2,4.1,"26 New Orleans Rd Hilton Head Island, SC  29928 ",36,Steakhouse,$31 to $50,Hilton Head,http://www.cranestavern.com,Bethanne@Cranestavern.com,(843) 341-2333,3.0 out of 5,"A group of four, one of us had eaten here before. Salad was awesome. My husband's scallops were cooked to perfection. The other couple had steaks they thought were excellent. My sesame crusted seared tuna was, in my opinion, over cooked. Perhaps I had hoped seared tuna would be closer to sushi. I don't think a seared tuna should flake, which this did. Not as good as I would have liked.",10/20/2012,http://www.pickgrapevine.com/wantmore6/cranes-tavern-steakhouse-and-seafood,cranes-tavern-steakhouse-and-seafood
Croissants Bistro and Bakery,http://www.opentable.com/croissants-bistro-and-bakery?scpref=110&tab=2,4.4,"3751 Robert Grissom Parkway Myrtle Beach, SC  29577 ",51,Low Country,$30 and under,Myrtle Beach,http://www.croissants.net,info@croissants.net,(843) 448-2253,4.0 out of 5,an excellent option for those looking for an upscale alternative to the otherwise saturated tourist-trap restaurant market in Myrtle Beach.,10/26/2012,http://www.pickgrapevine.com/wantmore6/croissants-bistro-and-bakery,croissants-bistro-and-bakery
Crossroads at House of Blues - Myrtle Beach,http://www.opentable.com/crossroads-at-house-of-blues-myrtle-beach?scpref=110&tab=2,3.9,"4640 Hwy 17th South North Myrtle Beach, SC  29582 ",37,American,$30 and under,North Myrtle Beach,http://www.houseofblues.com/myrtlebeach,hobcom.sales.myrtlebeach@livenation.com,(843) 913-3746,4.0 out of 5,"My wife ordered the prime rib special which was excellent, and I ordered a burger called the Juicy Lucy which was also excellent! Our sever was training a new person and both were very helpful, and the trainer was not over bearing. Would definitely come back again.",10/05/2012,http://www.pickgrapevine.com/wantmore6/crossroads-at-house-of-blues-myrtle-beach,crossroads-at-house-of-blues-myrtle-beach
Cru Cafe,http://www.opentable.com/cru-cafe?scpref=110&tab=2,4.5,"18 Pinckney Street Charleston, SC  29401 ",282,Comfort Food,$30 and under,Charleston,http://www.crucafe.com,info@crucafe.com,(843) 534-2434,4.0 out of 5,"while i had a reservation, the table was not open. had to wait for ~20 mins. i was 10 mins late in advance of that. great food & great staff.",11/06/2012,http://www.pickgrapevine.com/wantmore6/cru-cafe,cru-cafe
Cypress,http://www.opentable.com/cypress?scpref=110&tab=2,4.4,"167 East Bay Street Charleston, SC  29401 ",315,American,$31 to $50,Charleston,http://www.magnolias-blossom-cypress.com,reserve@hmgi.net,(843) 727-0111,5.0 out of 5,Excellent food and wonderful waitstaff. Very fresh ingredients in specials detailed by waiter - we ended up ordering them for entree and were not disappointed. Great location is easy to walk to from historic district hotels.,11/03/2012,http://www.pickgrapevine.com/wantmore6/cypress,cypress
Davani's,http://www.opentable.com/davanis?scpref=110&tab=2,4.5,"1922-111A Augusta street Greenville, SC  29605 ",37,Italian,$30 and under,Greenville,http://www.davanisrestaurant.com,davani1@charter.net,(864) 373-9013,5.0 out of 5,Great place good food and great service. Went there in evening and really enjoined it.,11/02/2012,http://www.pickgrapevine.com/wantmore6/davanis,davanis
Devereaux's,http://www.opentable.com/devereauxs?scpref=110&tab=2,4.6,"25 East Court Street, Suite 100 Greenville, SC  29601 ",101,American,$31 to $50,Greenville,http://www.devereauxsdining.com,information@devereauxsdining.com,(864) 241-3030,5.0 out of 5,Consistent and creative. Greenville's best restaurant.,11/03/2012,http://www.pickgrapevine.com/wantmore6/devereauxs,devereauxs
Ela's,http://www.opentable.com/elas?scpref=110&tab=2,4.3,"One Shelter Cove Ln Hilton Head Island, SC  29928 ",155,Seafood,$30 and under,Hilton Head,http://www.elasgrille.com,elasgrill@elasgrille.com,(843) 785-3030,4.0 out of 5,"Our first visit and certainly not our last. We dined during the first week in November on a Monday evening which proved to be a slow night during the off season for HHI. That being said, the meal from beginning to end may have been the best meal we have had on the island in over twenty plus years. Quality ingredients, entree choices which appeal to even the most finicky eater and a view which was just fantastic. My wife and I chose Mahi and Scallop entrees which were fresh and prepared perfectly. The owner was friendly and engaging. Our server started with enthusiasm but gradually faded away during the meal(my only area of concern to an otherwise great dining experience). This is truly an asset to the the dining scene on the island.",11/05/2012,http://www.pickgrapevine.com/wantmore6/elas,elas
Eli's Table,http://www.opentable.com/charm-charleston?scpref=110&tab=2,3.9,"129 Meeting St Charleston, SC  29401 ",118,American,$30 and under,Charleston,http://www.elischarleston.com/,heather@elischarleston.com,(843) 405-5115,4.0 out of 5,Great brunch/lunch food in nice patio setting on a beautiful early fall day. Service a little iffy in terms of timeliness.,11/04/2012,http://www.pickgrapevine.com/wantmore6/charm-charleston,charm-charleston
Eurasia Cafe & Wine Bar - Charleston,http://www.opentable.com/eurasia-cafe-and-wine-bar-charleston?scpref=110&tab=2,4.3,"915 Houston Northcutt Rd Mount Pleasant, SC  29464 ",55,American,$30 and under,Mt. Pleasant,http://www.eurasiasc.com/index.php,andy_fallen@eurasiasc.com,(843) 606-2616,5.0 out of 5,"would be better if it was quieter, but the same can be said about many Charleston places",10/24/2012,http://www.pickgrapevine.com/wantmore6/eurasia-cafe-and-wine-bar-charleston,eurasia-cafe-and-wine-bar-charleston
Giatu,http://www.opentable.com/giatu?scpref=110&tab=2,3.6,"1 Parkway East Greenville, SC  29615 ",8,American,$30 and under,Greenville,http://www.giatu.com,dowen@jhmhotels.com,(864) 679-1158,4.0 out of 5,This was a great find. I would never have guessed a hotel restaurant could compete with some of the other great restaurants in Greenville. I had a perfectly cooked filet. My husband and daughter both had fish which was perfect for them. My daughter had a really unique salad with a gelled balsamic on watermelon and this frozen tomato granita. It was amazing! The atmosphere reminded me a little of Alice in wonderland but somewhat cozy at the same time.,10/17/2012,http://www.pickgrapevine.com/wantmore6/giatu,giatu
Graze - Charleston,http://www.opentable.com/graze-charleston?scpref=110&tab=2,4.1,"863 Houston Northcutt Blvd Mt. Pleasant, SC  29464 ",130,Fusion / Eclectic,$30 and under,Mt. Pleasant,http://grazecharleston.com,grazecharleston@yahoo.com,(843) 606-2493,4.0 out of 5,Great restaurant with great food. Very impressed with the Lobster Mac and Cheese and the pasta specials.,11/05/2012,http://www.pickgrapevine.com/wantmore6/graze-charleston,graze-charleston
The Green Room,http://www.opentable.com/the-green-room?scpref=110&tab=2,4.2,"116 N. Main St Greenville, SC  29601 ",79,American,$30 and under,Greenville,http://www.thegreenroomupstate.com,reservations@thegreenroomupstate.com,(864) 335-8222,5.0 out of 5,"Loved, loved, loved!! Great place. Food was excellent, well presented. Great ambiance, loved the atmosphere. Good down town choice for taking brunch or lunch.",10/29/2012,http://www.pickgrapevine.com/wantmore6/the-green-room,the-green-room
Hampton Street Vineyard,http://www.opentable.com/hampton-street-vineyard?scpref=110&tab=2,4.5,"1201 Hampton Street Columbia, SC  29201 ",75,Contemporary American,$30 and under,Columbia,http://www.hamptonstreetvineyard.com,info@hamptonstreetvineyard.com,(803) 252-0850,4.0 out of 5,"Our ""girl's"" supper club at here and we enjoyed it once again...it is NOT a quiet place which is fine for a crowd like ours but I can't imagine a romatic dinner for two here. The food is great and our server was too.",11/01/2012,http://www.pickgrapevine.com/wantmore6/hampton-street-vineyard,hampton-street-vineyard
Hamptons,http://www.opentable.com/hamptons?scpref=110&tab=2,4.8,"4 West Hampton Avenue Sumter, SC  29150 ",76,American,$31 to $50,Sumter,http://www.hamptonsfoods.net,mjones@hamptonsfoods.net,(803) 774-4400,5.0 out of 5,"From the moment we were greeted at the door - the service and staff engagement was noticeable and it caused us to feel as though we were the only patrons despite being rather busy. The food was absolutely wonderful! Scollaps as tender as I have ever had, seasoned to sheer perfection. My tenderloin was fork tender and seemed to melt in my mouth. My compliments to the staff and a special thanks to Velvet for such awesome service! Your pleasant, welcoming attitude was the perfect accompaniment to such an fantastic meal!",09/08/2012,http://www.pickgrapevine.com/wantmore6/hamptons,hamptons
Hank's Seafood Restaurant,http://www.opentable.com/hanks-seafood-restaurant?scpref=110&tab=2,4.3,"10 Hayne Street Charleston, SC  29401 ",488,Seafood,$30 and under,Charleston,http://www.hanksseafoodrestaurant.com/,info@hanksseafoodrestaurant.com,(843) 723-3474,5.0 out of 5,"Great food, great service and great place. Building is historic and just ""fits""",11/06/2012,http://www.pickgrapevine.com/wantmore6/hanks-seafood-restaurant,hanks-seafood-restaurant
hh prime,http://www.opentable.com/hh-prime?scpref=110&tab=2,4.1,"23 Ocean Lane Hilton Head, SC  29928 ",16,Steakhouse,$31 to $50,Hilton Head,http://www.hhprime.com/,rtoups@omnihotels.com,(843) 341-8058,5.0 out of 5,"Though we've been going to HH for years, we didn't even realize this restaaunt was at the Omni Hotel. Everything was wonderful, service ambience, and food! I highly reccomend people to try it even if they are not staying at the resort and/or are local residents. We are part time residents of the island and will return in the near future.",10/06/2012,http://www.pickgrapevine.com/wantmore6/hh-prime,hh-prime
High Cotton,http://www.opentable.com/high-cotton-charleston?scpref=110&tab=2,4.4,"199 East Bay Street Charleston, SC  29401 ",493,Southern,$31 to $50,Charleston,http://www.highcottoncharleston.com,jmaynard@mavericksouthernkitchens.com,(843) 724-3815,3.0 out of 5,"Food, ambiance, service is / has always been great. One of my favorites in Charleston. Seemed like not quite as strong as it has been and a little pricy give I can't rank it ""exceptional"".",11/06/2012,http://www.pickgrapevine.com/wantmore6/high-cotton-charleston,high-cotton-charleston
High Cotton - Greenville,http://www.opentable.com/high-cotton-greenville?scpref=110&tab=2,4.4,"550 South Main Street at RiverPlace Greenville, SC  29601 ",192,American,$30 and under,Greenville,http://www.highcottongreenville.com,bnierman@mavericksouthernkitchens.com,(864) 335-4200,5.0 out of 5,Could not have been happier! Food was superb and the service even better!! Beautiful place and beautiful scenery and view.,11/05/2012,http://www.pickgrapevine.com/wantmore6/high-cotton-greenville,high-cotton-greenville
Husk Restaurant,http://www.opentable.com/husk-restaurant?scpref=110&tab=2,4.5,"76 Queen Street Charleston, SC  29401 ",1034,American,$30 and under,Charleston,http://www.huskrestaurant.com,info@huskrestaurant.com,(843) 577-2500,5.0 out of 5,Husk is an amazing restaurant which will leave you wanting more. There is not a bad choice on the list and if you cannot decide what to eat the staff will be more than happy to assist. This was one of my top 5 meals of all time! The parsnip soup is a must!,11/06/2012,http://www.pickgrapevine.com/wantmore6/husk-restaurant,husk-restaurant
II Samuels Restaurant,http://www.opentable.com/ii-samuels-restaurant?scpref=110&tab=2,4.5,"351 E. Henry Street Spartanburg, SC  29302 ",22,American,$30 and under,Spartanburg,http://twosamuels.com,twosamules@ribaultcatering.com,(864) 596-5080,3.0 out of 5,"This restaurant is situated within 5 minutes drive from the downtown Marriott, and the inside ambiance of the eatery more than compensates for the outside appearances of a nondescript strip center.",09/20/2012,http://www.pickgrapevine.com/wantmore6/ii-samuels-restaurant,ii-samuels-restaurant
J Paulz - James Island,http://www.opentable.com/j-paulz-james-island?scpref=110&tab=2,4.0,"1739 Maybank Hwy Ste V Charleston, SC  29412 ",28,American,$30 and under,Charleston,http://www.jpaulz.com,info@jpaulz.com,(843) 795-6995,4.0 out of 5,"There were several larger groups in when we were there so it wasn't quiet, but we could still easily have conversation which was nice. Our server was friendly and helpful. The food was incredible (a rainbow sushi roll for an appetizer, I got the Shrimp BLT salad and my boyfriend got the Wild Mushroom Linguine with shrimp). The atmosphere is cozy and the decor gives a different vibe than a lot of other places around here (it was great!).",10/19/2012,http://www.pickgrapevine.com/wantmore6/j-paulz-james-island,j-paulz-james-island
J Paulz - Mt Pleasant,http://www.opentable.com/j-paulz-mt-pleasant?scpref=110&tab=2,3.9,"1405 Ben Sawyer Blvd Suite 103 Mt. Pleasant, SC  29464",52,American,$30 and under,Mt. Pleasant,http://www.jpaulz.com,info@jpaulz.com,(000) 000-0000,2.0 out of 5,"We wanted to support the new JPaulz in Mt. Pleasant but this was a poor first experience. The server had so little interest in seeing that we were having a good experience, he took away my nearly-full main course plate without even asking why I had not eaten it. The seafood chowder was good but the salmon dish I ordered was not the light, healthy dish I expected. In fact it seemed loaded with some kind of oily pasta I could not identify. It tasted Ok, I guess, but rested like a stone in my stomach. Maybe I ordered poorly but the rest of the entrees were so garlic laden and/or unhealthy, the salmon seemed the only reasonable choice. A revised menu, lighter hand in the kitchen and some minimal training for the waitstaff would go a long way.",10/30/2012,http://www.pickgrapevine.com/wantmore6/j-paulz-mt-pleasant,j-paulz-mt-pleasant
Lana Restaurant & Bar,http://www.opentable.com/lana-restaurant-and-bar?scpref=110&tab=2,4.3,"210 Rutledge Avenue Charleston, SC  29403 ",114,Mediterranean,$30 and under,Charleston,http://www.lanarestaurant.com,info@lanarestaurant.com,(843) 720-8899,5.0 out of 5,"out of the historic downtown area, but well worht finding. We live in charlestonand lana's always does a great job. it is a beautiful small neighborhood style restaurant that doesn't lack anything when it comes to food.",11/03/2012,http://www.pickgrapevine.com/wantmore6/lana-restaurant-and-bar,lana-restaurant-and-bar
Larkin's on the River,http://www.opentable.com/larkins-on-the-river?scpref=110&tab=2,4.5,"318 S. Main St Greenville, SC  29601 ",164,American,$31 to $50,Greenville,http://www.larkinsontheriver.com,info@larkinsontheriver.com,(864) 467-9777,5.0 out of 5,Had a great time... Food was unbelievable would Definately go again,11/05/2012,http://www.pickgrapevine.com/wantmore6/larkins-on-the-river,larkins-on-the-river
The Library Restaurant - Charleston,http://www.opentable.com/the-library-restaurant-charleston?scpref=110&tab=2,4.5,"23 Vendue Range Charleston, SC  29401 ",61,Low Country,$30 and under,Charleston,http://www.vendueinn.com,jwagner@vendueinn.com,(843) 577-7970,4.0 out of 5,"We were worried at first - our table wasn't ready and it felt like they didn't want to seat us. When they did seat us it was in a different room from the rest of the dinner patrons in the room they usually use for brunch. However, it turned into a wonderful experience. Our waiter, Charles, made our dinner a VIP experience! Totally worth the wait. The food was great and Charles described everything so wonderfully that we wanted to try everything.",11/03/2012,http://www.pickgrapevine.com/wantmore6/the-library-restaurant-charleston,the-library-restaurant-charleston
The Library Restaurant - Myrtle Beach,http://www.opentable.com/the-library-restaurant-myrtle-beach?scpref=110&tab=2,4.7,"1212 North Kings Hwy Myrtle Beach, SC  29577 ",63,European,$31 to $50,Myrtle Beach,http://www.thelibraryrestaurantsc.com,thelibraryrest@aol.com,(843) 448-4527,5.0 out of 5,"This was our first trip to the Library though we've lived in Myrtle Beach for 2 years. After leaving we wondered what took us so long to try this gem. There were 4 in our party and we were all thrilled with our appetizer and main course selections. The carpaccio and beef tips were both exceptional appetizers. Our main couse choices were salmon, duck and veal. They were all prepared to perfection and I found the sauces to be delicious and prepared with a very creative flair. Our server Shannon was tremendously knowledgeable and obviously had years of fine food experience. The owner introduced himself and visited our table a few times during the evening. I highly recommend this restaurant to all those who enjoy fine food.",11/03/2012,http://www.pickgrapevine.com/wantmore6/the-library-restaurant-myrtle-beach,the-library-restaurant-myrtle-beach
Lombardo's Italian Restaurant,http://www.opentable.com/lombardos-italian-restaurant?scpref=110&tab=2,4.6,"411 79th Avenue North Myrtle Beach, SC  29579 ",49,Italian,$30 and under,Myrtle Beach,http://www.lombardosbistro.com,lombardosrestaurant79th@yahoo.com,(843) 497-6699,5.0 out of 5,"John and his staff really know how to treat you. Great food, Excellent Wine and the Service is awesome. Always on our list when in MB.",10/19/2012,http://www.pickgrapevine.com/wantmore6/lombardos-italian-restaurant,lombardos-italian-restaurant
Magnolia's,http://www.opentable.com/magnolias?scpref=110&tab=2,4.5,"185 East Bay Street Charleston, SC  29401 ",729,Southern,$31 to $50,Charleston,http://www.magnolias-blossom-cypress.com/,reserve@hmgi.net,(843) 577-7771,5.0 out of 5,Coming from Philadelphia which boasts some of the best restaurants in the east coast I have high standards and Magnolia's met them all. The food was excellent I would recommend the fried green tomatoes appetizer. The decor was inviting with real southern hospitality. Our waiter was so informative and tended our every need. Hope to get to charleston again to go to Magnolia's,11/05/2012,http://www.pickgrapevine.com/wantmore6/magnolias,magnolias
Marleys Island Grille,http://www.opentable.com/marleys-island-grille?scpref=110&tab=2,3.9,"35 Office Park Rd Hilton Head Island, SC  29928 ",103,Seafood,$30 and under,Hilton Head,http://www.marleyshhi.com,marleyshhi@gmail.com,(843) 686-5800,4.0 out of 5,"I took my fiance to Marley's for her birthday - it was our first visit to the restaurant and we couldn't have been more pleased! The food was excellent and priced very nicely, especially since we were able to take advantage of the early dining prices all night! We are locals and are kicking ourselves for checking out the fare earlier - we will be regulars from now on, though!!",11/05/2012,http://www.pickgrapevine.com/wantmore6/marleys-island-grille,marleys-island-grille
McCrady's,http://www.opentable.com/mccradys?scpref=110&tab=2,4.5,"2 Unity Alley Charleston, SC  29401 ",379,Contemporary American,$31 to $50,Charleston,http://www.mccradysrestaurant.com,info@mccradysrestaurant.com,(843) 577-0025 x1,4.0 out of 5,"We took out of town guests to McCrady's for dinner on their last evening in Charleston; it was a highlight of their visit. I had called ahead and asked for a specific table and was accommodated. The four course dinner was the way to go here: we all enjoyed the presentation and the delicious food. Two issues: I ordered a 2008 California cab and a 2009 was delivered to the table, without explanation. The server apologized, but the sommelier never appeared to discuss the situation.; I ordered the pork and received the lamb dish instead. The maitre d' appeared fairly quickly with my pork dish and apologized for the confusion. Overall, however, we had a great time here.",11/04/2012,http://www.pickgrapevine.com/wantmore6/mccradys,mccradys
McGee's Irish Pub & Restaurant,http://www.opentable.com/mcgees-irish-pub-and-restaurant?scpref=110&tab=2,5.0,"116 W Orr St Anderson, SC  29625 ",3,Irish,$30 and under,Anderson,http://www.mcgeesirishpub.com,admin@mcgeesirishpub.com,(864) 261-6401,5.0 out of 5,"Casual, good food Excellent service Was early for reservation and they accommadated nicely",07/21/2012,http://www.pickgrapevine.com/wantmore6/mcgees-irish-pub-and-restaurant,mcgees-irish-pub-and-restaurant
Mercato,http://www.opentable.com/mercato?scpref=110&tab=2,4.3,"102 N. Market Street Charleston, SC  29401 ",217,Italian,$30 and under,Charleston,http://www.mercatocharleston.com,mercatocharleston@gmail.com,(843) 722-6393,4.0 out of 5,"Very good location. Was a fun night. We really enjoyed the jazz band. However, they took too many long breaks. We were there for dinner, not a whole night of listening.",10/31/2012,http://www.pickgrapevine.com/wantmore6/mercato,mercato
MoMo's Bistro,http://www.opentable.com/momos-bistro?scpref=110&tab=2,4.1,"2930 Devine Street Suite A Columbia, SC  29205",38,Contemporary American,$30 and under,Columbia,http://www.momos-bistro.com,reservations@momos-bistro.com,(803) 252-2700,3.0 out of 5,Food was good and our waiter was fanatastic.Menu was limited on the entrees.,10/27/2012,http://www.pickgrapevine.com/wantmore6/momos-bistro,momos-bistro
Morgan Creek Grill,http://www.opentable.com/morgan-creek-grill?scpref=110&tab=2,4.0,"80 41st Avenue Isle Of Palms, SC  29451 ",81,American,$30 and under,Isle of Palms,http://www.morgancreekgrill.com,info@morgancreekgrill.com,(843) 886-8980,4.0 out of 5,We bring our friends here all of the time and most every time has been great. the service tends to be the problem in this restaurant....not the food. It is not consistent and we have been disappointed with our service in the past.,11/03/2012,http://www.pickgrapevine.com/wantmore6/morgan-creek-grill,morgan-creek-grill
Mosaic Cafe & Catering - Mt. Pleasant,http://www.opentable.com/mosaic-cafe-and-catering-mt-pleasant?scpref=110&tab=2,4.1,"1150 Hungryneck Boulevard Mt. Pleasant, SC  29464 ",34,Contemporary American,$30 and under,Mt. Pleasant,http://www.mosaicedibles.com,charleston@mosaicedibles.com,(843) 388-1490,5.0 out of 5,"Great food, service and ambience, love the decor, our waitress was just lovely. really enjoyed our brunch",11/04/2012,http://www.pickgrapevine.com/wantmore6/mosaic-cafe-and-catering-mt-pleasant,mosaic-cafe-and-catering-mt-pleasant
Motor Supply Company Bistro,http://www.opentable.com/motor-supply-company-bistro?scpref=110&tab=2,4.4,"920 Gervais St. Columbia, SC  29201 ",128,Contemporary American,$30 and under,Columbia,http://motorsupplycobistro.com,info@motorsupplycobistro.com,(803) 256-6687,3.0 out of 5,"Over all our experience was good. My problem was ,knowing how to cook a steak to the correct temperature is cooking 101. Your chef failed on both orders, mine beinging the worse of the two. This was very dissapointing being it was my birthday. You would expect paying $28.00 per steak it would be cooked to perfection. Your servers handled it very professionally by acting concerned and offering a courtesy dessert. I would probably give the place another try being that everything else we ordered was good. Iguess Iwould stay away from the steak. Everybody deserves a second chance but two strikes and you'll be out.",11/03/2012,http://www.pickgrapevine.com/wantmore6/motor-supply-company-bistro,motor-supply-company-bistro
Muse Restaurant,http://www.opentable.com/muse-restaurant-charleston?scpref=110&tab=2,4.0,"82 Society Street Charleston, SC  29401 ",138,Mediterranean,$30 and under,Charleston,http://www.charlestonmuse.com,Bethanne@charlestonmuse.com,(843) 577-1102,3.0 out of 5,"The bartender, was awesome!!! Management should promote this man!",11/02/2012,http://www.pickgrapevine.com/wantmore6/muse-restaurant-charleston,muse-restaurant-charleston
Nantucket Seafood Grill,http://www.opentable.com/nantucket-seafood-grill?scpref=110&tab=2,4.5,"40 West Broad Street Greenville, SC  29601 ",205,Seafood,$31 to $50,Greenville,http://nantucketseafoodgrill.com,pam@REDiningGroup.com,(864) 546-3535,4.0 out of 5,"My boyfriend took me to Nantucket Seafood to celebrate my birthday, and the food was absolutely delicious and VERY fresh. We had the blue crab hush puppies for an appetizer which were very good as well as the she-crab soup. We have tried she-crab soup at too many restaurants to say, but this was the absolute BEST I've had. It was the perfect consistency, was creamy, and had enough Old Bay seasoning that I could taste it.For my entree, I chose the special white fish, mara, and it was cooked perfectly. My boyfriend had the surf and turf (lobster with filet mignon), and the lobster was delicious (I couldn't turn down a bite of lobster!). He said the filet mignon was very good as well. We will definitely visit Nantucket Seafood again!",11/02/2012,http://www.pickgrapevine.com/wantmore6/nantucket-seafood-grill,nantucket-seafood-grill
New York Prime Steakhouse - Myrtle Beach,http://www.opentable.com/new-york-prime-steakhouse-myrtle-beach?scpref=110&tab=2,4.7,"405 28th Ave Myrtle Beach, SC  29577 ",83,Steakhouse,$31 to $50,Myrtle Beach,http://newyorkprime.com,nypmbop@sc.rr.com,(843) 448-8081,5.0 out of 5,"Great as always, but the background music is simply too loud.",11/03/2012,http://www.pickgrapevine.com/wantmore6/new-york-prime-steakhouse-myrtle-beach,new-york-prime-steakhouse-myrtle-beach
Nosh - Artful Dining,http://www.opentable.com/nosh-artful-dining?scpref=110&tab=2,4.2,"10880 Ocean Highway No 21 Pawleys Island, SC  29585 ",30,Tapas / Small Plates,$31 to $50,Pawleys Island,http://noshpi.com,info@noshpi.com,(843) 314-9014,3.0 out of 5,"Was good but a little over- priced for the quality. Service was good, waiter was attentive until a party of 8 showed up and, evidently, more important than our party of two. The salmon neopolitan was interesting thought the fried green tomatoes were overlooked. My steak was tasty but a little on the tough side. It was very dark - a shame since the restaurant itself was quite beautiful...",10/12/2012,http://www.pickgrapevine.com/wantmore6/nosh-artful-dining,nosh-artful-dining
Oak Steakhouse,http://www.opentable.com/oak-steakhouse?scpref=110&tab=2,4.6,"17 Broad Street Charleston, SC  29401 ",243,Steakhouse,$31 to $50,Charleston,http://www.oaksteakhouserestaurant.com,oaksteakhouse@theindigoroad.com,(843) 722-4220,5.0 out of 5,"The service was amazing from the time of the reservation, all the way through to getting our car from the valet. Spectacular wine list, and the waiter made some wonderful recommendations for pairings. The dry-aged NY strip was divine, much better ambiance than that other chop house, which I love!!! I am hooked - beautiful experience!!!",11/03/2012,http://www.pickgrapevine.com/wantmore6/oak-steakhouse,oak-steakhouse
The Oak Table,http://www.opentable.com/the-oak-table?scpref=110&tab=2,4.2,"1221 Main Street Columbia, SC  29201 ",76,American,$30 and under,Columbia,http://www.TheOakTableSC.com,TheOakTable@theindigoroad.com,(803) 563-5066,4.0 out of 5,"This is the newest restrautant to open in Columbia and it defines what good dining is all about. We were seated the moment we walked in and it wasn't long after that when a server appeared followed by a waitress. Overall, the staff was personable and efficient, the food was very good. The wine list is good but it could have more by-the-glass offerings. My only criticism is the noise level, the dining room was not designed to absorb noise and sometimes, it can be difficult to hear the person sitting next to you. Other than that, this is a top notch restaurant.",11/05/2012,http://www.pickgrapevine.com/wantmore6/the-oak-table,the-oak-table
O-Ku,http://www.opentable.com/o-ku?scpref=110&tab=2,4.3,"463 King St Charleston, SC  29403 ",97,Sushi,$30 and under,Charleston,http://www.o-kusushi.com,okucharleston@gmail.com,(843) 737-0112,5.0 out of 5,The Manager was so kind to us in modifying our reservation and placing us at a window table facing the television. We wanted to view the Alabama vs LSU football game and so appreciated his enabling us to do so.The food was fantastic- sushi phenomenal. Do not miss the desserts- especially the pot de creme and strawberry wafer. They are equal if not beyond the best we've ever eaten.,11/03/2012,http://www.pickgrapevine.com/wantmore6/o-ku,o-ku
Old Fort Pub,http://www.opentable.com/old-fort-pub?scpref=110&tab=2,4.5,"65 Skull Creek Drive Hilton Head Island, SC  29926 ",136,American,$30 and under,Hilton Head,http://www.oldfortpub.com,manager@oldfortpub.com,(843) 681-2386,4.0 out of 5,"Perfect rendition of Old South view of rieve, moss-laden oak trees and river. Go at sunset for a special view. Wide selection of credibale wines at reasonable prices. Food perfectly prepared and good selection.",11/03/2012,http://www.pickgrapevine.com/wantmore6/old-fort-pub,old-fort-pub
Old Village Post House,http://www.opentable.com/old-village-post-house?scpref=110&tab=2,4.7,"101 Pitt Street Mt. Pleasant, SC  29464 ",227,Low Country,$30 and under,Mt. Pleasant,http://www.oldvillageposthouse.com,khajjar@mavericksouthernkitchens.com,(843) 388-8935,5.0 out of 5,Old Village Post House & Tavern never lets us down.....a terrific and friendly staff and great food. We do -- and will -- come back often!,11/04/2012,http://www.pickgrapevine.com/wantmore6/old-village-post-house,old-village-post-house
Opal Restaurant and Bar,http://www.opentable.com/opal-restaurant-and-bar?scpref=110&tab=2,4.6,"1960 Riviera Dr Ste C Mt. Pleasant, SC  29464 ",100,Mediterranean,$30 and under,Mt. Pleasant,http://www.opaldininggroup.com,opalrestaurant@gmail.com,(843) 654-9070,5.0 out of 5,Love the food at Opal! Always. Consistent and involved flavors. The homemade pasta is excellent! Always love going favorite Mt Pleasant restaurant.,11/03/2012,http://www.pickgrapevine.com/wantmore6/opal-restaurant-and-bar,opal-restaurant-and-bar
P.Simpson's Hometown Grille,http://www.opentable.com/psimpsons-hometown-grille?scpref=110&tab=2,4.2,"111 N. Main St Simpsonville, SC  29681 ",21,American,$30 and under,Greenville,http://psimpsons.com,psimpsons@charter.net,(864) 757-9691,5.0 out of 5,"Great Place for anyone and Great Owner, John, and great team!",09/15/2012,http://www.pickgrapevine.com/wantmore6/psimpsons-hometown-grille,psimpsons-hometown-grille
The Palmtree Grill @ Embassy Suites North Charleston,http://www.opentable.com/the-palmtree-grill-at-embassy-suites-north-charleston?scpref=110&tab=2,3.7,"5055 International Blvd North Charleston, SC  29418 ",3,Contemporary American,$30 and under,Charleston,http://www.facebook.com/pages/Palm-Tree-Grill/428945857138851,josh.oneal@jqh.com,(843) 747-1882,5.0 out of 5,"I visited on a quiet Sunday evening. There were only a few patrons in the restaurant, and the atmosphere was peaceful and relaxing. The service was excellent and the food was also. I had the french onion soup which was good and the fish and chips, which was excellent. I also recommend the bread pudding for dessert if you still have room. I thought the portions were plentiful, but not overwhelming. I'd definitely recommend this restaurant if you are staying or visiting the North Charleston area.",08/12/2012,http://www.pickgrapevine.com/wantmore6/the-palmtree-grill-at-embassy-suites-north-charleston,the-palmtree-grill-at-embassy-suites-north-charleston
Panini's Cafe,http://www.opentable.com/paninis-cafe?scpref=110&tab=2,1.0,"926 Bay St Beaufort, SC  29902 ",1,Italian,$30 and under,Beaufort,http://www.paniniscafe.net/,PaninisBeaufort@hargray.com,(843) 379-0300,1.0 out of 5,Avoid. Many other great places in Beaufort to try.,10/19/2012,http://www.pickgrapevine.com/wantmore6/paninis-cafe,paninis-cafe
The Parson's Table,http://www.opentable.com/the-parsons-table?scpref=110&tab=2,4.6,"4305 McCorsely Avenue Little River, SC  29566 ",155,American,$30 and under,Little River,http://www.parsonstable.com,tparsonstable@sc.rr.com,(843) 249-3702,5.0 out of 5,"That was wonderfull, food, service were excellent.A great restaurant",11/05/2012,http://www.pickgrapevine.com/wantmore6/the-parsons-table,the-parsons-table
Peninsula Grill,http://www.opentable.com/peninsula-grill?scpref=110&tab=2,4.7,"112 North Market Street Charleston, SC  29401 ",347,American,$31 to $50,Charleston,http://www.peninsulagrill.com,reservations@peninsulagrill.com,(843) 723-0700,5.0 out of 5,"This was our second visit to the Peninsula Grill during our vacation in Charleston. The food was just as excellent and the service as impeccable as our first visit. I had the Lobster and corn chowder for first course, the scallops which were cooked perfectly as my entree, and last, but certainly not least, the milk chocolate creme brulee for dessert which was as heavenly as the first time I had it. We will definitely make a return visit to the Peninsula Grill whenever our travels take us back to Charleston.",11/02/2012,http://www.pickgrapevine.com/wantmore6/peninsula-grill,peninsula-grill
Plums Restaurant,http://www.opentable.com/plums-restaurant?scpref=110&tab=2,4.1,"904 Bay Street Beaufort, SC  29902 ",18,Contemporary American,$30 and under,Beaufort,http://www.plumsrestaurant.com,info@plumsinc.com,(843) 525-1946,5.0 out of 5,Wonderful. We stumbled on Plums when we took an unplanned detour through Beaufort.,09/16/2012,http://www.pickgrapevine.com/wantmore6/plums-restaurant,plums-restaurant
Poogan's Porch Restaurant,http://www.opentable.com/poogans-porch-restaurant?scpref=110&tab=2,4.3,"72 Queen St Charleston, SC  29401 ",396,Southern,$30 and under,Charleston,http://www.poogansporch.com,info@poogansporch.com,(843) 577-2337,5.0 out of 5,"Hey, nothing like I'd imagine...but this place was wonderful. I had the fried chicken and potatoes with carrots. For low country meals and sassy great chef inspired stuff, from start to finish...you can't even come close to losing with this place.",10/30/2012,http://www.pickgrapevine.com/wantmore6/poogans-porch-restaurant,poogans-porch-restaurant
Queen Anne's Revenge,http://www.opentable.com/queen-annes-revenge?scpref=110&tab=2,4.0,"160 Fairchild St Daniel Island, SC  29492 ",138,American,$30 and under,Charleston,http://www.qarevenge.com,info@qarevenge.com,(843) 216-6868,5.0 out of 5,"This is a wonderful place with lots of history of the area. Kids will enjoy going through the front where they have real items from pirate ships. The main dining room is made as the inside of a ship, complete with mast and sails!!",11/03/2012,http://www.pickgrapevine.com/wantmore6/queen-annes-revenge,queen-annes-revenge
R & D Wine Boutique,http://www.opentable.com/r-and-d-wine-boutique?scpref=110&tab=2,4.8,"1011 Fording Island Rd Suite C105 Bluffton, SC  29910",6,Tapas / Small Plates,$30 and under,Bluffton,http://www.rdwine.net,info@rdwine.net,(843) 837-3747,5.0 out of 5,"I hosted a meeting of seven girls on a thursday night at 630. We had the table in the back wine cellar, what a great room! The food was fabulous and the enomatic machines are a great experience. I hightly recommend the wine boutique for groups or a couples night out. The owners are great hosts!",10/18/2012,http://www.pickgrapevine.com/wantmore6/r-and-d-wine-boutique,r-and-d-wine-boutique
Red Drum Restaurant and Bar,http://www.opentable.com/red-drum-restaurant-and-bar?scpref=110&tab=2,4.4,"803 Coleman Blvd. Mt. Pleasant, SC  29464 ",155,Contemporary American,$30 and under,Mt. Pleasant,http://www.reddrumrestaurant.com,thereddrumgastro@bellsouth.net,(843) 849-0313,5.0 out of 5,Main entree of tile fish was outstanding with a great accompanying fine wine sauce. Table by fireplace was perfect for a romantic way to celebrate an anniversary dinner. Service both at the bar and table were impeccable. Friendly wait staff who know how to take care of their customers.,11/06/2012,http://www.pickgrapevine.com/wantmore6/red-drum-restaurant-and-bar,red-drum-restaurant-and-bar
Red Fish Restaurant,http://www.opentable.com/red-fish-restaurant?scpref=110&tab=2,4.3,"8 Archer Rd. Hilton Head Island, SC  29928 ",210,Seafood,$30 and under,Hilton Head,http://www.redfishofhiltonhead.com,redfishgenmgr@aol.com,(843) 686-3388,5.0 out of 5,A nice find for HHI. We will return to RedFish often near our new home.,10/20/2012,http://www.pickgrapevine.com/wantmore6/red-fish-restaurant,red-fish-restaurant
Rice Paddy Restaurant,http://www.opentable.com/rice-paddy-restaurant?scpref=110&tab=2,4.4,"732 Front St Georgetown, SC  29440 ",38,American,$31 to $50,Georgetown,http://ricepaddyrestaurant.co/Home.html,ricepaddyrestaurant@yahoo.com,(843) 546-2021,5.0 out of 5,"Exceptional food, good wine selection, good service.",11/02/2012,http://www.pickgrapevine.com/wantmore6/rice-paddy-restaurant,rice-paddy-restaurant
Rick Erwin's West End Grille,http://www.opentable.com/rick-erwins-west-end-grille?scpref=110&tab=2,4.6,"648 South Main Street Greenville, SC  29601 ",184,Steakhouse,$31 to $50,Greenville,http://www.rickerwins.com,colin@rickerwins.com,(864) 232-8999,5.0 out of 5,Fine dining without the pretension. Wonderful staff and owner greeted each customer. Highly recommend!,11/03/2012,http://www.pickgrapevine.com/wantmore6/rick-erwins-west-end-grille,rick-erwins-west-end-grille
Rosso Trattoria Italia,http://www.opentable.com/rosso-trattoria-italia?scpref=110&tab=2,4.4,"4840 Forest Drive Columbia, SC  29206 ",94,Italian,$30 and under,Columbia,http://www.rossocolumbia.com,rossocolumbia@gmail.com,(803) 787-3949,5.0 out of 5,"We come here a couple of times a month. We come back because we enjoy the food, always something different to try, plus our old favorites. Great atmosphere and friendly and knowledgable service. Always pleases",10/26/2012,http://www.pickgrapevine.com/wantmore6/rosso-trattoria-italia,rosso-trattoria-italia
Ruth's Chris Steak House - Columbia,http://www.opentable.com/ruths-chris-steak-house-columbia?scpref=110&tab=2,4.7,"Hilton Hotel 924-A Senate St. Columbia, SC  29201",52,Steak,$50 and over,Columbia,http://ruthschris.net/reservations/columbia/,info@ruthschris.net,(803) 212-6666,5.0 out of 5,Oscar was great in helping us have a great evening!,10/26/2012,http://www.pickgrapevine.com/wantmore6/ruths-chris-steak-house-columbia,ruths-chris-steak-house-columbia
Ruth's Chris Steak House - Greenville,http://www.opentable.com/ruths-chris-steak-house-greenville?scpref=110&tab=2,4.4,"851 Congaree Road, Suite A Greenville, SC  29607 ",33,Steak,$50 and over,Greenville,http://ruthschris.net/reservations/greenville/,info@ruthschris.net,(864) 248-1700,5.0 out of 5,We had a wonderful time at Ruth's Chris. The service was impeccable. Our waiter Terry was very attentive and courtesy. We choose Ruths Chris due to the importance of my daughters 21st birthday. She wanted to celebrate this milestone by having a delicious steak with wonderful dessert. I would highly recommend this restaurant to anyone who wants to celebrate any special occasion.,10/20/2012,http://www.pickgrapevine.com/wantmore6/ruths-chris-steak-house-greenville,ruths-chris-steak-house-greenville
Ruth's Chris Steak House - Myrtle Beach,http://www.opentable.com/ruths-chris-steak-house-myrtle-beach?scpref=110&tab=2,4.6,"8761 Marina Parkway Myrtle Beach, SC  29572 ",57,Steakhouse,$50 and over,Myrtle Beach,http://ruthschris.net/reservations/myrtle-beach/,info@ruthschris.net,(843) 839-9500,5.0 out of 5,"Having read mixed reviews and comments from friends, we did not know what to expect. A lot of what a restaurant becomes is dictated by area surroundings. Not true for our experience - other than some added noise by the hostess seating customers, the evening was quite pleasant at a table where we could actually have a conversation without speaking loudly across the table. Our server, Danielle was bubbly, enthusiastic and was very pleasant. She did a great job with the menu, allowing us ample time to decide on our order and paced the meal quite well. Food was great! Perfectly prepared and hot when served. Ample and appropriate wine list to go along with any choice of entree. A most pleasant experience and would definitely go back.",10/30/2012,http://www.pickgrapevine.com/wantmore6/ruths-chris-steak-house-myrtle-beach,ruths-chris-steak-house-myrtle-beach
Saltus River Grill,http://www.opentable.com/saltus-river-grill?scpref=110&tab=2,4.3,"802 Bay Street, Suite C Beaufort, SC  29902 ",88,Contemporary American,$30 and under,Beaufort,http://www.saltusrivergrill.com,saltus@hargray.com,(843) 379-3474,5.0 out of 5,"We sat outside and had a beautiful waterfront veiw.My husband loved the grilled lamb he ordered and my fish was excellent.The crab bisque,salad, and warm bread were great starters.Our waiter was helpful and attentive.We will go back next time we're in Beaufort!",11/03/2012,http://www.pickgrapevine.com/wantmore6/saltus-river-grill,saltus-river-grill
Slightly North of Broad,http://www.opentable.com/slightly-north-of-broad?scpref=110&tab=2,4.5,"192 East Bay Street Charleston, SC  29401 ",476,Low Country,$31 to $50,Charleston,http://www.slightlynorthofbroad.net,dmarconi@mavericksouthernkitchens.com,(843) 723-3424,5.0 out of 5,"I brought four visiting English professors from China to lunch. This was their first real American lunch and they loved the food. The server was gracious,kind and efficient. It was a wonderful experience and they will return to China with a memorable dining experience.",11/06/2012,http://www.pickgrapevine.com/wantmore6/slightly-north-of-broad,slightly-north-of-broad
Soby's,http://www.opentable.com/sobys?scpref=110&tab=2,4.4,"207 S. Main St. Greenville, SC  29601 ",276,Contemporary American,$30 and under,Greenville,http://www.sobys.com,reservations@sobys.com,(864) 232-7007,5.0 out of 5,Soby's has always been one of my favorite downtown resturants. Their food is consistently good.,11/06/2012,http://www.pickgrapevine.com/wantmore6/sobys,sobys
Social Restaurant and Wine Bar,http://www.opentable.com/social-restaurant-and-wine-bar?scpref=110&tab=2,3.7,"188 East Bay St Charleston, SC  29401 ",39,Contemporary American,$30 and under,Charleston,http://www.socialwinebar.com,info@socialwinebar.com,(843) 577-5665,3.0 out of 5,Loved the location and the decor. Its a wonderful casual meeting place. However the noise level prevents conversation .,10/20/2012,http://www.pickgrapevine.com/wantmore6/social-restaurant-and-wine-bar,social-restaurant-and-wine-bar
Solstice Kitchen,http://www.opentable.com/solstice-kitchen?scpref=110&tab=2,4.7,"841-4 Sparkleberry Lane Columbia, SC  29229 ",123,Contemporary American,$30 and under,Columbia,http://www.solsticekitchen.com,solsticekitchen@gmail.com,(803) 788-6966,5.0 out of 5,"Our first visit. Waitress eagerly answered our questions and made recommendations. Oysters ""Cajonfeller"" appetizer was different and delicious. We each had one of the specials for our entree. My Mahi Mahi was light and flakey. My wife's rabbit was tender and juicy. Overall experience was excellent.",11/03/2012,http://www.pickgrapevine.com/wantmore6/solstice-kitchen,solstice-kitchen
Southend Brewery and Smokehouse,http://www.opentable.com/southend-brewery-and-smokehouse?scpref=110&tab=2,3.8,"161 East Bay St Charleston, SC  29401 ",30,American,$30 and under,Charleston,http://southendbrewery.com,events@southendbrewery.com,(843) 853-4677,5.0 out of 5,Great food you won't leave hungry!!!,10/22/2012,http://www.pickgrapevine.com/wantmore6/southend-brewery-and-smokehouse,southend-brewery-and-smokehouse
Southern Graces Bistro,http://www.opentable.com/southern-graces-bistro?scpref=110&tab=2,4.0,"809 Port Republic Beaufort, SC  29902 ",6,Southern,$30 and under,Beaufort,http://www.southerngracesbistro.com,reservations@southerngracesbistro.com,(843) 379-0555,5.0 out of 5,Best Eggs Benedict and excellent service. Great Sunday brunch.,10/07/2012,http://www.pickgrapevine.com/wantmore6/southern-graces-bistro,southern-graces-bistro
Stars Restaurant - Rooftop & Grill Room,http://www.opentable.com/stars-restaurant-rooftop-and-grill-room?scpref=110&tab=2,4.1,"495 King Street Charleston, SC  29403 ",42,American,$30 and under,Charleston,http://starsrestaurant.com/,info@starsrestaurant.com,(843) 577-0100,4.0 out of 5,"Only been open for 30 days but destined to becme one of Charleston's hot spots. I would classsify the food as extraorinarily well done comfort food. The menu was limited but we spread out the appetizers, main courses and the desserts among all of us and everyone's selection was fantastic. The vegetables were well cooked and tasty as were the dumplings. Seems unusual to say but you must try the chicken and dumplings.",11/04/2012,http://www.pickgrapevine.com/wantmore6/stars-restaurant-rooftop-and-grill-room,stars-restaurant-rooftop-and-grill-room
Stax Grill,http://www.opentable.com/stax-grill?scpref=110&tab=2,4.2,"850 Woods Crossing Rd. Greenville, SC  29607 ",29,American,$30 and under,Greenville,http://www.staxs.com,staxsrst@aol.com,(864) 288-5546,5.0 out of 5,Had a great dinner and food was delicious.,10/31/2012,http://www.pickgrapevine.com/wantmore6/stax-grill,stax-grill
Stellar - Greenville,http://www.opentable.com/stellar-greenville?scpref=110&tab=2,3.4,"20 N Main Street Greenville, SC  29601 ",24,Tapas / Small Plates,$30 and under,Greenville,http://www.stellarwinebar.com,info@stellarwinebar.com,(864) 438-4954,5.0 out of 5,Awesome setting. The dessert and wine selection was great! We will definitely be going back.,10/26/2012,http://www.pickgrapevine.com/wantmore6/stellar-greenville,stellar-greenville
Stella's Southern Bistro,http://www.opentable.com/stellas-southern-bistro?scpref=110&tab=2,4.7,"684 C Fairview Rd Simpsonville, SC  29680 ",70,Southern,$30 and under,Greenville,http://www.stellasbistro.com,management@stellasbistro.com,(864) 757-1212,5.0 out of 5,"The service was fantastic, and all nine of us loved the lunch that we ordered! Can't wait to come back again.",10/24/2012,http://www.pickgrapevine.com/wantmore6/stellas-southern-bistro,stellas-southern-bistro
Steven W's Downtown Bistro,http://www.opentable.com/steven-ws-downtown-bistro?scpref=110&tab=2,4.0,"1100 Main Street Newberry, SC  29108 ",2,Continental,$30 and under,Newberry,http://stevenws.com,downtownbistro@gmail.com,(803) 276-7700,4.0 out of 5,"We were only in Newberry for one night, we found Steven W's and we really enjoyed our meal. My wife got the flounder special and I had the king salmon special - both were really great. The sides were less impressive and could definitely be improved. The dessert was an almond basket with ice cream, chocolate and caramel sauces and whipped cream - it did not disappoint. For a Friday night at 8:00 the restaurant seemed pretty quite - only 2 other tables were seated. The decor is a bit dated, but we had a great table by the window and would definitely go back.",08/17/2012,http://www.pickgrapevine.com/wantmore6/steven-ws-downtown-bistro,steven-ws-downtown-bistro
The Strip Club 104 a steak house,http://www.opentable.com/the-strip-club-104-a-steak-house?scpref=110&tab=2,4.5,"104 East Poinsett Street Greer, SC  29651 ",4,Steakhouse,$30 and under,Greenville,http://www.thestripclub104.com,tsc104@tsc104.com,(864) 877-9104,4.0 out of 5,"Excellent Steaks & Wine Selection. A true ""Hidden Gem"" for the Greer area & Upstate...Highly Recommend!!!",10/04/2012,http://www.pickgrapevine.com/wantmore6/the-strip-club-104-a-steak-house,the-strip-club-104-a-steak-house
"The Studio, An Artistic Dining Experience",http://www.opentable.com/the-studio-an-artistic-dining-experience?scpref=110&tab=2,4.5,"20 Executive Park Road Hilton Head Island, SC  29928 ",48,Contemporary American,$31 to $50,Hilton Head,http://www.StudioDining.com,StudioDining@yahoo.com,(843) 785-6000,2.0 out of 5,"Our waiter (?owner/chef) got my appetizer order wrong (salad instead of crab bisque). When advised of this error, I received an unusually stern look from him. The order was corrected, but we never saw him after that. Instead, other staff tended to our table until we were finished. Although this was in a cozy atmosphere, I did not think it was appropriate that unusual paintings (multiple) of naked women greeted you at the entrance. I understand this is also an art studio, but who would want to buy or hang a picture of a totally naked women that has a head of a buffalo with a ring in it's nose? This may appeal to some but my standards are different.",10/31/2012,http://www.pickgrapevine.com/wantmore6/the-studio-an-artistic-dining-experience,the-studio-an-artistic-dining-experience
Sullivan's Metropolitan Grill,http://www.opentable.com/sullivans-metropolitan-grill?scpref=110&tab=2,4.6,"208 S Main Street Anderson, SC  29624 ",33,American,$30 and under,Anderson,http://www.sullivansmetrogrill.com,sarah@sullivansmetrogrill.com,(864) 226-8945,5.0 out of 5,Have never had a bad meal or dessert !!! Excellent dinning experience !!,10/05/2012,http://www.pickgrapevine.com/wantmore6/sullivans-metropolitan-grill,sullivans-metropolitan-grill
Tombo Grille,http://www.opentable.com/tombo-grille?scpref=110&tab=2,4.4,"4517 Forest Drive Columbia, SC  29206 ",34,Contemporary American,$30 and under,Columbia,http://www.tombogrille.com,tombogrille@att.net,(803) 782-9665,5.0 out of 5,A cozy neighborhood spot. Locally owned. Everything I've gotten has been wonderful. Service is great.,11/01/2012,http://www.pickgrapevine.com/wantmore6/tombo-grille,tombo-grille
Tommy Bahama's Restaurant & Bar - Myrtle Beach,http://www.opentable.com/tommy-bahamas-restaurant-and-bar-myrtle-beach?scpref=110&tab=2,4.3,"3044 Howard Avenue Myrtle Beach, SC  29577 ",93,Seafood,$30 and under,Myrtle Beach,http://www.tommybahama.com,MyrtleBeachEvents@tommybahama.com,(843) 839-1868,4.0 out of 5,"The food and unusual menu makes this restaurant stand above all others. I recommend the lollipop chicken and macadamia encrusted goat cheese appetizers. One can not go wrong with the Sanibel Chicken and Mahi Mahi w/risuto entrees. This should be topped off with the great selection of desserts, namely the Pina Colada Cake.",10/27/2012,http://www.pickgrapevine.com/wantmore6/tommy-bahamas-restaurant-and-bar-myrtle-beach,tommy-bahamas-restaurant-and-bar-myrtle-beach
Topside Waterfront Restaurant,http://www.opentable.com/topside-waterfront-restaurant?scpref=110&tab=2,4.0,"160 Lighthouse Rd Hilton Head Island, SC  29928 ",73,Seafood,$30 and under,Hilton Head,http://www.seapines.com,msakuta@seapines.com,(843) 842-1999,5.0 out of 5,We were in HH for vacation and were looking for new restaurants to try. The Topside has a great menu with custom preparation and very good wine selection. Will definitely be going back at the next opportunity!,10/04/2012,http://www.pickgrapevine.com/wantmore6/topside-waterfront-restaurant,topside-waterfront-restaurant
Trattoria Divina,http://www.opentable.com/trattoria-divina?scpref=110&tab=2,4.7,"33 Office Psrk Road Hilton Head Island, SC  29928 ",15,Italian,$30 and under,Hilton Head,http://www.trattoriadivina.com,info@trattoriadivina.com,(843) 686-4442,5.0 out of 5,"My wife and I had a fantastic meal at Trattoria Divina! Pastas were perfectly prepared, excellent salad, bread that was authentic Italian, great wine selections including a very reasonably-priced chianti. Service was friendly and efficient, with nice pacing. It's not cheap, but the prices were reasonable for Hilton Head. All in all, a great evening.",11/02/2012,http://www.pickgrapevine.com/wantmore6/trattoria-divina,trattoria-divina
Tristan - Charleston,http://www.opentable.com/tristan?scpref=110&tab=2,4.4,"10 Linguard Street Charleston, SC  29401 ",131,American,$30 and under,Charleston,http://www.tristandining.com,info@tristandining.com,(843) 534-2155,5.0 out of 5,"One of my favorite finds in Charleston. Impeccable service that anticipates needs without hovering or interrupting. The mushroom and wild rice salad had texture and flavor in every bite. The potato gnocchi is better than you can imagine. The wine list goes on for miles. Save up your calories all day. And, I recommend ALWAYS saving room for dessert because the passion fruit pudding with thai basil gelato float is the perfect combination.",11/03/2012,http://www.pickgrapevine.com/wantmore6/tristan,tristan
Truffles Cafe - Belfair,http://www.opentable.com/truffles-cafe-belfair?scpref=110&tab=2,4.3,"91 Towne Drive Bluffton, SC  29910 ",33,American,$30 and under,Bluffton,http://www.trufflescafe.com,trufflesb@trufflescafe.com,(843) 815-5551,3.0 out of 5,"We had a nice dinner, but our waitress was really ""green"". Nice, but completely in need of additional training. They had 2 chicken dishes on their menu and she ordered the wrong one for our table. BUT, the manager was great. She fixed the mistake with a smile, gave our friend an extra side and surprised us with a free dessert.",10/21/2012,http://www.pickgrapevine.com/wantmore6/truffles-cafe-belfair,truffles-cafe-belfair
Truffles Cafe - Pope Avenue,http://www.opentable.com/truffles-cafe-pope-avenue?scpref=110&tab=2,4.3,"8 Executive Park Road Hilton Head Island, SC  29928 ",120,American,$30 and under,Hilton Head,http://www.trufflescafe.com,truffles@trufflesgrill.com,(843) 785-3663,4.0 out of 5,"Wanted to say that the young staff was very accommodating, we had an elderly person (not surprising) and moved to a quieter table with out fanfare!",11/03/2012,http://www.pickgrapevine.com/wantmore6/truffles-cafe-pope-avenue,truffles-cafe-pope-avenue
Truffles Cafe - Sea Pines,http://www.opentable.com/truffles-cafe-sea-pines?scpref=110&tab=2,4.1,"71 Lighthouse Road Hilton Head Island, SC  29928 ",83,American,$30 and under,Hilton Head,http://www.trufflescafe.com,trufflessp@trufflescafe.com,(843) 671-6136,3.0 out of 5,"Every week we visit HHI we at least visit Truffles three to four times. That is why we were surprised with our experience. We ordered the BLT Bibb salads. I ordered mine without bacon and with chicken. My wife ordered hears normal. When we started eating them my wife commented that she didn't have bacon and then I noticed I did. We informed the waiter and he stated be didn't know how the kitchen could mix that up. We were extended an apology from the Waiter. I have always taken for granted that the meal we receive was as ordered, I guess I need to double check in the future.",11/04/2012,http://www.pickgrapevine.com/wantmore6/truffles-cafe-sea-pines,truffles-cafe-sea-pines
Tsunami - Greenville,http://www.opentable.com/tsunami-greenville?scpref=110&tab=2,3.8,"106 E. North St Greenville, SC  29601 ",6,Japanese,$30 and under,Greenville,http://www.tsunamigreenville.com,tsunamiofgreenville@gmail.com,(864) 467-1055,4.0 out of 5,"My wife and I absolutely love this restaurant. The food is always great and even with the though the restaurant can get very busy, the servers are (almost) always incredible with it. Although I am unsure it is on the menu, the Holiday Special is my favorite option. A server told me about it some time ago when I asked for something spicy with fresh fish. The dish has fresh Salmon and Tuna with avocados in the middle of the plate with spicy sauce over the top of it all. You will not be disappointed.",09/11/2012,http://www.pickgrapevine.com/wantmore6/tsunami-greenville,tsunami-greenville
Tsunami - Mt. Pleasant,http://www.opentable.com/tsunami-mt-pleasant?scpref=110&tab=2,2.8,"1909 Hwy 17 N Mount Pleasant, SC  29464 ",5,Sushi,$30 and under,Mt. Pleasant,http://www.tsunamicompany.com,tsunamicompany@gmail.com,(843) 881-7061,2.0 out of 5,"Lackluster sushi, decent service. Overpriced for what it is, much better Japanese places in the area.",09/01/2012,http://www.pickgrapevine.com/wantmore6/tsunami-mt-pleasant,tsunami-mt-pleasant
Tsunami-Charleston,http://www.opentable.com/tsunami-charleston?scpref=110&tab=2,3.8,"215 E. Bay St Charleston, SC  29401 ",19,Sushi,$30 and under,Charleston,http://www.tsunamicompany.com,tsunamicompany@gmail.com,(843) 965-5281,4.0 out of 5,My wife and I enjoyed a meal at 6:30. We enjoyed the sushi we had ordered and the atmosphere was wonderful. Our server was smiling and seemed excited to be working with us. Thank you.,09/22/2012,http://www.pickgrapevine.com/wantmore6/tsunami-charleston,tsunami-charleston
Tsunami-Harbison,http://www.opentable.com/tsunami-harbison?scpref=110&tab=2,3.8,"1290 Bower Pkwy Columbia, SC  29212-3706 ",6,Sushi,$30 and under,Columbia,http://www.tsunamicompany.com,tsunamicompany@gmail.com,(803) 407-3873,3.0 out of 5,Enjoyed myself as did the rest of my dining party. I'd definitely return.,10/16/2012,http://www.pickgrapevine.com/wantmore6/tsunami-harbison,tsunami-harbison
Victor's Bistro and Garden Room,http://www.opentable.com/victors-bistro-and-garden-room?scpref=110&tab=2,4.6,"1247 S. Irby St. Florence, SC  29502 ",23,American,$30 and under,Florence,http://www.victorsbistro.com,info@victorsbistro.com,(843) 665-0846,5.0 out of 5,"GREAT restaurant. From the outside, it doesn't really look like much. But when you walk in , it is just so romantic and intimate. The food was absolutely amazing (including the dessert). Very, very impressed. For me, the prices were a little on the high side but it's the perfect place to dine for a special, romantic occasion. Would love to come back!",10/13/2012,http://www.pickgrapevine.com/wantmore6/victors-bistro-and-garden-room,victors-bistro-and-garden-room
Vintage Twelve at Kingston Plantation Resort,http://www.opentable.com/vintage-twelve-at-kingston-plantation-resort?scpref=110&tab=2,3.6,"9800 Queensway Blvd. Ste 109 Myrtle Beach, SC  29572 ",19,Low Country,$31 to $50,Myrtle Beach,http://www.kingstonplantation.com,Sabena.dayton@hilton.com,(843) 497-7300,4.0 out of 5,"Fairly new restaurant in Kingston Plantation. Food was delicious and presentation was well done. Stunning views of the ocean. Our server was very attentive, answered questions and made suggestions. And just a short walk from our condo!! Will be back!",10/07/2012,http://www.pickgrapevine.com/wantmore6/vintage-twelve-at-kingston-plantation-resort,vintage-twelve-at-kingston-plantation-resort
Water's Edge - Charleston,http://www.opentable.com/waters-edge-charleston?scpref=110&tab=2,4.2,"1407 Shrimp Boat Lane Mt. Pleasant, SC  29464 ",124,Seafood,$30 and under,Mt. Pleasant,http://www.waters-edge-restaurant.com,watersedgerest@comcast.net,(843) 884-4074,5.0 out of 5,"We took a spontaneous trip to Charleston. We used Open Table to find a restaurant due to our favorite one was closed. We are very happy to know that we now have a NEW favorite restaurant in Charleston. Our dinners were absolutely wonderful and the appetizer was as well. The location was nice and our seating was perfect. I would like to mention our server by name. His name was Will and if you dine here I suggest you try to be seated in his area. He was nice, prompt, funny, and very knowledgeable of Charleston. We will actually schedule trips to Charleston based on eating here. Its worth our 21/2 hour drive!",11/03/2012,http://www.pickgrapevine.com/wantmore6/waters-edge-charleston,waters-edge-charleston
WaterScapes Restaurant at the Marina Inn at Grande Dunes,http://www.opentable.com/waterscapes-restaurant-at-the-marina-inn-at-grande-dunes?scpref=110&tab=2,4.0,"8121 Amalfi Place Myrtle Beach, SC  29572 ",23,Contemporary American,$30 and under,Myrtle Beach,http://www.waterscapesrestaurant.com,waterscapesrestaurant@grande-dunes.com,(843) 913-2845,5.0 out of 5,The striped bass was excellent. Service was warm and helpful. We will definitely be back! One of the very best in Myrtle Beach!,11/02/2012,http://www.pickgrapevine.com/wantmore6/waterscapes-restaurant-at-the-marina-inn-at-grande-dunes,waterscapes-restaurant-at-the-marina-inn-at-grande-dunes
Wentworth Grill,http://www.opentable.com/wentworth-grill?scpref=110&tab=2,3.7,"68 Wentworth St Charleston, SC  29401 ",19,American,$30 and under,Charleston,http://www.wentworthgrill.com,jamie.goss@renaissancehotels.com,(843) 534-9049,2.0 out of 5,"We were the only people in the restaurant and it took two hours to get dinner.... a little ridiculous. Food was fine once we got it, but so eerie dining all alone in a large room!",11/02/2012,http://www.pickgrapevine.com/wantmore6/wentworth-grill,wentworth-grill
Wild Olive,http://www.opentable.com/wild-olive?scpref=110&tab=2,4.6,"2867 Maybank Highway Johns Island, SC  29455 ",347,Italian,$30 and under,Charleston,http://www.wildoliverestaurant.com,info@wildoliverstaurant.com,(843) 737-4177,5.0 out of 5,"Great food, good service, and wonderful ambiance. Monday night was moderate noise level despite a large number of people.",11/05/2012,http://www.pickgrapevine.com/wantmore6/wild-olive,wild-olive
Yap,http://www.opentable.com/yap?scpref=110&tab=2,3.9,"12 S Main St Greenville, SC  29601 ",7,Italian,$30 and under,Greenville,http://www.milanokozani.com,info@milanokozani.com,(864) 263-3561,5.0 out of 5,"We went for our 41st anniversary and wanted someplace quiet and good food and service. We were not disappointed. Our waitress Patrice was very accommodating , she made it worthwhile. The food was very good. We are going to return soon. We recommend it to anyone who wants a locally owned, small quiet restaurant to go to. Thanks Patrice.",08/07/2012,http://www.pickgrapevine.com/wantmore6/yap,yap
Yokoso - N. Charleston,http://www.opentable.com/yokoso-n-charleston?scpref=110&tab=2,4.2,"8601 S. Antler Dr. North Charleston, SC  29406 ",32,Japanese,$30 and under,Charleston,http://www.yokosocompany.com,yokosonchas@gmail.com,(843) 553-4522,4.0 out of 5,Out chef was amazing. With such a large party it was good to see that he was able to keep everyone entertained. Food was cooked to order and the happy birthday song for our daughter was fun.,11/04/2012,http://www.pickgrapevine.com/wantmore6/yokoso-n-charleston,yokoso-n-charleston
Yokoso - Summerville,http://www.opentable.com/yokoso-summerville?scpref=110&tab=2,4.3,"106 Parkway Avenue Summerville, SC  29483 ",30,Japanese,$30 and under,Summerville,http://www.yokosocompany.com,yokosorestaurant@gmail.com,(843) 871-0029,4.0 out of 5,I had a great time. Food was awesome waiter was funny- Love it,11/04/2012,http://www.pickgrapevine.com/wantmore6/yokoso-summerville,yokoso-summerville
