4 Olives Restaurant,http://www.opentable.com/4-olives-restaurant?scpref=110&tab=2,4.3,"3033 Anderson Ave. Manhattan, KS  66503 ",59,Contemporary American,$31 to $50,Manhattan,http://www.4olives.biz,scottb@4olives.biz,(785) 539-1295,5 / 5,We would highly recommend this restaurant. We pulled up at 7:00 on a Saturday night and were surprised to find this in the corner of a strip mall. We were expecting something a little more upscale. Inside the ambience was about as good as one can adapt a mall space into fine dining.,10/20/2012,http://www.pickgrapevine.com/wantmore5/4-olives-restaurant,4-olives-restaurant
801 Chop House,http://www.opentable.com/801-chop-house?scpref=110&tab=2,4.4,"71 East 14th Street Kansas City, MO  64105 ",102,Steakhouse,$50 and over,KC Power & Light District,http://801chophouse.com,801chophousekc@gmail.com,(816) 994-8800,4 / 5,We had six adults in our group. We all had the three course special. It was about the right amount of food for us seniors.,10/21/2012,http://www.pickgrapevine.com/wantmore5/801-chop-house,801-chop-house
801 Chophouse Leawood,http://www.opentable.com/801-chophouse-leawood?scpref=110&tab=2,4.4,"11616 Ash Street Leawood, KS  66211 ",155,Steakhouse,$50 and over,Leawood,http://www.801chophouse.com,801chophouseleawood@gmail.com,(913) 322-1801,5 / 5,Amazing food and great service. They were very accommadating when we called ahead and wanted to see the college football game. We will definitely be back soon!,10/20/2012,http://www.pickgrapevine.com/wantmore5/801-chophouse-leawood,801-chophouse-leawood
Accurso's Italian Restaurant,http://www.opentable.com/accursos-italian-restaurant?scpref=110&tab=2,3.9,"4980 Main St Kansas City, MO  89152 ",65,Italian,$30 and under,Plaza / Brookside,http://accursos.com/,Accursosrestaurant@gmail.com,(816) 753-0810,2 / 5,Most recently a friend and I visited Accurso's on a Wednesday evening. The food was okay but not wonderful. The temperature/texture of the food appeared to be heated in the microwave and not cooked to order. The location is great and the service was okay but not outstanding for a restaurant that has such longevity and history in KC. I will not be ordering the Chicken Marsala on a return visit. I may consider their soup for future visits.,10/17/2012,http://www.pickgrapevine.com/wantmore5/accursos-italian-restaurant,accursos-italian-restaurant
Affäre,http://www.opentable.com/affare?scpref=110&tab=2,4.3,"1911 Main Kansas City, MO  64108 ",284,German,$30 and under,Kansas City,http://affarekc.com,manager@affarekc.com,(816) 298-6182,2 / 5,"I feel the Affare is soooo close, but just not quite there yet. We had a group and were seated in this odd back room - hence the 2 stars as the front room was really cool.Our server was really bad... Not rude - just seemed like he didn't know what he was doing. It was our first time there, and we needed some assistance in how to order (trust me, if it's your first time, you will too). The group wanted to try a variety of different things and the waiter wasn't very helpful in suggesting items to share. Also - the portions are set up so they aren't really shareable.... Unless you only want a tiny bite.The food was good, but not great.I will go back, as they are still young and just have some growing pains to get through.",10/20/2012,http://www.pickgrapevine.com/wantmore5/affare,affare
Aixois French Restaurant & Coffee Bar,http://www.opentable.com/aixois-french-restaurant-and-coffee-bar?scpref=110&tab=2,4.1,"251 E. 55th Street Kansas City, MO  64113 ",93,French,$30 and under,Plaza / Brookside,http://www.aixois.com,aixoiskc@gmail.com,(816) 333-3305,4 / 5,"Almost everything was excellent....However, when we arrived the hostess did not give us proper seating...I had requested a quiet table and one by the window....3 tables by the window were empty....The hostess put us at a small table in the middle of two extremly, very noisy big groups..when our waitress brought our appitizers I asked for the manager and told himof my displeasure.... he immediately moved us to one of the more quiet empty tables by the window...He even made a point of passing by later to tell us he had checked the reservations and I was correct and his hostess HAD ignored the instructions...Hopefully he made a point of making sure that it does not happen to others....From that point on, all was great.",10/20/2012,http://www.pickgrapevine.com/wantmore5/aixois-french-restaurant-and-coffee-bar,aixois-french-restaurant-and-coffee-bar
The American Restaurant,http://www.opentable.com/the-american-restaurant?scpref=110&tab=2,4.8,"200 East 25th Street, Suite 400 Mailing address: 200 East 25th Street, Suite 400 Kansas City, MO  64108",91,American,$50 and over,Crossroads / Freight District / Boulevard,http://www.theamericankc.com,theamericankc@hallmark.com,(816) 545-8001,5 / 5,"My hat's off to the group at The American! The food is amazing; the finest ingredients, the finest preparations, the finest presentation, and the finest service. This was not our first time to The American and it certainly will not be the last. On a side note, my wife and I stopped by The American a few weeks ago for happy hour and that too, was amazing. If you have not been to The American for happy hour, you should check it out. The cocktails are sublime and the discounted happy hour food menu is out of this world. If you are not ready to take the plunge and go for dinner, stop by and check out the happy hour for a example of the amazin cuisine.",10/16/2012,http://www.pickgrapevine.com/wantmore5/the-american-restaurant,the-american-restaurant
Anthony's Restaurant,http://www.opentable.com/anthonys-restaurant?scpref=110&tab=2,4.2,"701 Grand Blvd Kansas City, MO  64106 ",72,Italian,$30 and under,Downtown / River Market,http://www.kcanthonysongrand.com,anthonyspino@yahoo.com,(816) 221-4088,4 / 5,"We have eaten at Anthony's several times and they consistantly present service, ambiance, and a authentic Italian cuisine of the highest caliber.",10/20/2012,http://www.pickgrapevine.com/wantmore5/anthonys-restaurant,anthonys-restaurant
Avenues Bistro - Brookside,http://www.opentable.com/avenues-bistro-brookside?scpref=110&tab=2,4.2,"338 W 63rd St Kansas City, MO  64113 ",224,European,$30 and under,Plaza / Brookside,http://www.avenuesbistro.com/,brookside@avenuesbistro.com,(816) 333-5700,4 / 5,We've eaten our way through almost the entire menu and everything is absolutely delicious! We love the braised short ribs and bacon wrapped dates.,10/19/2012,http://www.pickgrapevine.com/wantmore5/avenues-bistro-brookside,avenues-bistro-brookside
blanc burgers + bottles,http://www.opentable.com/blanc-burgers-and-bottles?scpref=110&tab=2,4.1,"4710 Jefferson Kansas City, MO  64112 ",57,Burgers,$30 and under,Plaza / Brookside,http://www.blancburgers.com,blanc@blancburgers.com,(816) 931-6200,4 / 5,This was the first time my husband and I ate here. After reading the reviews about questionable service I was nervous about dinning here. Our service was great and the food was good. We will go back for sure.,10/12/2012,http://www.pickgrapevine.com/wantmore5/blanc-burgers-and-bottles,blanc-burgers-and-bottles
Blue Bird Bistro,http://www.opentable.com/blue-bird-bistro?scpref=110&tab=2,3.9,"1700 Summit Kansas City, MO  64108 ",90,Organic,$31 to $50,Kansas City,http://www.bluebirdbistro.com,contact@bluebirdbistro.com,(816) 221-7559,2 / 5,"I was pretty disappointed in the overall experience. The downstairs of the Blue Bird is very quaint and cute. They took our group of 11 to the upstairs, which looked like an old house with bedrooms. Everything had been well-maintained, but it felt like we were isolated from the rest of the restaurant experience. We waited probably 20 minutes before any waiter or waitress came to even ask us for our drink orders. We asked multiple times for high chairs, and waited probably 30 minutes for those to be brought up to us. I had requested 2 highchairs when I made my reservation. Overall, I was disappointed that our party of 11 had not been properly planned for by making sure the staff was ready to serve us upstairs and be attentive.",10/20/2012,http://www.pickgrapevine.com/wantmore5/blue-bird-bistro,blue-bird-bistro
Bluestem,http://www.opentable.com/bluestem?scpref=110&tab=2,4.6,"900 Westport Road Kansas City, MO  64111 ",163,American,$50 and over,39th St / Westport / Midtown,http://www.bluestemkc.com,megan@bluestemkc.com,(816) 561-1101,5 / 5,"The course of the pre fixe dinner are amazing. Each course is complex and more delicious than the last. The service is top notch and the sommelier and the service staff spend a lot of time with you describing the dishes and the wine and why it is paired with each course. Top rate food and service in extremely creative ways, but without an ounce of stuffiness or pretention.",10/19/2012,http://www.pickgrapevine.com/wantmore5/bluestem,bluestem
Bonefish Grill - Kansas City,http://www.opentable.com/bonefish-grill-kansas-city?scpref=110&tab=2,4.5,"6334 N. Lucerne Avenue Kansas City, MO  64151 ",97,Seafood,$30 and under,Kansas City,http://www.bonefishgrill.com,bg8601@bonefishgrill.com,(816) 746-8179,5 / 5,Delicious food and wonderful service! Great place for a romantic date with your loved one!,10/20/2012,http://www.pickgrapevine.com/wantmore5/bonefish-grill-kansas-city,bonefish-grill-kansas-city
Bonefish Grill - Leawood,http://www.opentable.com/bonefish-grill-leawood?scpref=110&tab=2,4.4,"5021 West 135th Street Leawood, KS  66224 ",160,Seafood,$30 and under,Leawood,http://www.bonefishgrill.com,bg7701@bonefishgrill.com,(913) 239-8856,4 / 5,Bonefish Grill is always good. I had Crab Legs that were large and yummy. Bang Bang Shrimp is a meal in itself.,10/20/2012,http://www.pickgrapevine.com/wantmore5/bonefish-grill-leawood,bonefish-grill-leawood
Bristol Seafood Grill - Kansas City,http://www.opentable.com/bristol-seafood-grill-kansas-city?scpref=110&tab=2,4.4,"51 East 14th Street Kansas City, MO  64106 ",258,Seafood,$30 and under,KC Power & Light District,http://www.bristolseafoodgrill.com/home.aspx?location_id=162,3162@bristolseafoodgrill.com,(816) 448-6007,4 / 5,Great food. Great wine list. Would come back again.,10/20/2012,http://www.pickgrapevine.com/wantmore5/bristol-seafood-grill-kansas-city,bristol-seafood-grill-kansas-city
Bristol Seafood Grill - Leawood,http://www.opentable.com/bristol-seafood-grill-leawood?scpref=110&tab=2,4.4,"5400 West 119th Street Town Center Plaza Leawood, KS  66209",350,Seafood,$30 and under,Leawood,http://www.bristolseafoodgrill.com/home.aspx?location_id=109,3109@bristolseafoodgrill.com,(913) 663-5777,4 / 5,Took my mother-in-law for her birthday dinner. The service and food were excellent. The only problem was that we were seated near the bar area and the noise level made it very difficult to have a conversation. Next time I will request seating away from the bar.,10/17/2012,http://www.pickgrapevine.com/wantmore5/bristol-seafood-grill-leawood,bristol-seafood-grill-leawood
Broadmoor Bistro - Broadmoor Technical Center,http://www.opentable.com/broadmoor-bistro-broadmoor-technical-center?scpref=110&tab=2,4.8,"6701 W 83rd St Overland Park, KS  66204 ",4,Contemporary American,$30 and under,Overland Park,http://www.broadmoorbistro.org,justinhoffman@smsd.org,(913) 993-9752,5 / 5,we have been to broadmoor bistro on multiple occasions.we took our neighbors for their first time and had a wonderful experience.,10/16/2012,http://www.pickgrapevine.com/wantmore5/broadmoor-bistro-broadmoor-technical-center,broadmoor-bistro-broadmoor-technical-center
Buca di Beppo - Kansas City,http://www.opentable.com/buca-di-beppo-kansas-city?scpref=110&tab=2,4.1,"310 West 47th Street Kansas City, MO  64112 ",131,Italian,$30 and under,Kansas City,http://www.bucadibeppo.com,kansascityplaza@bucadibeppo.com,(816) 931-6548,5 / 5,We have been going to Buca for years and we love it. The food is great and the atmosphere is a lot of fun. This trip we found our service to be below par based on our past experiences. Not sure what happened but we felt like we had been ignored by our server.,10/19/2012,http://www.pickgrapevine.com/wantmore5/buca-di-beppo-kansas-city,buca-di-beppo-kansas-city
Cafe Europa,http://www.opentable.com/cafe-europa?scpref=110&tab=2,4.4,"323 East 55th Street Kansas City, MO  64113 ",74,American,$30 and under,Plaza / Brookside,http://cafeeuropakc.com,crestwoodkitchen@gmail.com,(816) 523-1212,4 / 5,"Cafe Europa worked out especially well: one of our guests requires the use of a motorized wheel chair. Cafe Europa was particularly easy to navigate, and we really appreciated this. The food, service and ambiance are all first-rate. The dishes were unusual and the ingredients were very fresh. We highly recommend Cafe Europa!",10/21/2012,http://www.pickgrapevine.com/wantmore5/cafe-europa,cafe-europa
Cafe Provence,http://www.opentable.com/cafe-provence?scpref=110&tab=2,4.6,"3936 W 69th Terr. Prairie Village, KS  66208 ",127,French,$31 to $50,Prairie Village,http://www.cafeprovence.net,cafeprovence@cafeprovence.net,(913) 384-5998,5 / 5,"Our favorite to date. Great food, wonderful staff, excellent service.",10/19/2012,http://www.pickgrapevine.com/wantmore5/cafe-provence,cafe-provence
Café Sebastienne,http://www.opentable.com/cafe-sebastienne?scpref=110&tab=2,4.6,"4420 Warwick Blvd. Kansas City, MO  64111 ",81,Contemporary American,$31 to $50,Kansas City,http://www.kemperart.org/cafe/index.asp,kgoldman@kemperart.org,(816) 561-7740,5 / 5,Excellent food. Attentive service. Beautiful surroundings. What more could you ask for?,10/19/2012,http://www.pickgrapevine.com/wantmore5/cafe-sebastienne,cafe-sebastienne
Café Trio,http://www.opentable.com/cafe-trio?scpref=110&tab=2,4.4,"4558 Main Street Kansas City, MO  64111 ",421,American,$30 and under,Plaza / Brookside,http://www.cafetriokc.com,info@cafetriokc.com,(816) 756-3227,5 / 5,Food was excellant and Jodi is the best.,10/12/2012,http://www.pickgrapevine.com/wantmore5/cafe-trio,cafe-trio
Capital Grille - Kansas City,http://www.opentable.com/capital-grille-kansas-city?scpref=110&tab=2,4.7,"4740 Jefferson Street Kansas City, MO  64112 ",126,Steakhouse,$50 and over,Plaza / Brookside,http://www.thecapitalgrille.com,KansasCity@tcgdine.com,(816) 531-8345,5 / 5,"My wife and I had a wonderful lunch at Capital Grille. My wife had the Chicken Caesar Salad and I had the Glazed Salmon. While all of the food was very good, it was an outstanding side-dish of mashed potatoes that caught our attention. (I also enjoyed a very flavorful bowl of New England Clam Chowder.) Another dish that stood out for both of us was our dessert; three scoops of rich and creamy home-made ice-cream, along with two tasty cookies. It was a great way to finish the meal. The food was matched by a helpful and adoring wait staff. When thinking about how best to describe our service, the words ""attentive"" and ""pampering"" come immediately to mind. This is definitely one restaurant that does everything right.",10/18/2012,http://www.pickgrapevine.com/wantmore5/capital-grille-kansas-city,capital-grille-kansas-city
Carmen's Cafe - Leawood,http://www.opentable.com/carmens-cafe-leawood?scpref=110&tab=2,4.2,"11526 Ash Street Leawood, KS  66211 ",90,Italian,$30 and under,Leawood,http://www.carmenscafekc.com/,carmenscafe@aol.com,(913) 327-7115,2 / 5,"Food was good, but fealt like we were being pushed all through dinner. Ordered appetizers and salad came before we even got half way through. Had to stop the server from taking remaining appetizers away. Then the entrees arrived and we had just started on our salad. Not the relaxing anniversary dinner my wife and I were looking for. Knew I should have gone to Jaspers.",10/13/2012,http://www.pickgrapevine.com/wantmore5/carmens-cafe-leawood,carmens-cafe-leawood
Cascone's,http://www.opentable.com/cascones?scpref=110&tab=2,4.5,"3737 North Oak Trafficway Kansas City, MO  64116 ",107,Italian,$30 and under,Kansas City,http://www.cascones.com,info@cascones.com,(816) 454-7977,5 / 5,Our group of five all found the food delicious! We ordered several things on the menu so we could share and sample and enjoyed all.The decor was a little outdated but that is probably welcome to those who return for many years.,10/18/2012,http://www.pickgrapevine.com/wantmore5/cascones,cascones
Caspian Bistro,http://www.opentable.com/caspian-bistro?scpref=110&tab=2,3.6,"8973 Metcalf Overland Park, KS  66212 ",14,Persian,$30 and under,Overland Park,http://www.caspianbistro-ks.com,caspianbistro@gmail.com,(913) 901-9911,2 / 5,"Well. I went to Caspian beacuse they serve my native dishes. So, my expectation is high when I eat at any Middle Eastern restaurants. I ordered the Combination Koobeh Kabab. The chicken kabab was not cooked very well and the beef kabab was a kind of dry. Again, my expectation is high. I am sure that alot people go there and enjoy the food and the music which they have on weekends.",10/05/2012,http://www.pickgrapevine.com/wantmore5/caspian-bistro,caspian-bistro
Chapada Chophouse & Churrascaria,http://www.opentable.com/chapada-chophouse-and-churrascaria?scpref=110&tab=2,3.6,"2142 N. Tyler Rd. Wichita, KS  67212 ",29,Steakhouse,$30 and under,Wichita,http://www.chapadachophouse.com,info@chapadachophouse.com,(316) 201-4694,4 / 5,"The Brazilian BBQ is the way to go. They had some well-seasoned meats, and the cinnamon-pork and garlic-sirloin stood out the most. The salad bar was only mediocre, but they have a great deal on wine flights at 3 two-ounce pours for $8. I've been to better Brazilian Steakhouses in other cities, but this is a decent showing for Wichita, KS.",10/21/2012,http://www.pickgrapevine.com/wantmore5/chapada-chophouse-and-churrascaria,chapada-chophouse-and-churrascaria
Chaz on the Plaza,http://www.opentable.com/chaz-on-the-plaza?scpref=110&tab=2,4.3,"325 Ward Parkway Kansas City, MO  64112 ",104,Contemporary American,$31 to $50,Plaza / Brookside,http://www.chazontheplaza.com,Chazontheplaza@raphaelkc.com,(816) 802-2152,4 / 5,"There was a large group party in the dining room that was very noisy at first and crowded our table. The manager quickly mended the issue, and comped us our wine for the inconvenience. It was handled very well. The food was absolutely outstanding. The other three at my table said the same and we all ordered different items off the menu. I will be going back.",10/20/2012,http://www.pickgrapevine.com/wantmore5/chaz-on-the-plaza,chaz-on-the-plaza
Ciao Bella - Lee's Summit,http://www.opentable.com/ciao-bella-lees-summit?scpref=110&tab=2,4.1,"235 SE Main St. Lees Summit, MO  64063 ",32,Italian,$30 and under,Lee's Summit,http://ciaobelladowntown.com/,info@ciaobelladowntown.com,(816) 554-2442,4 / 5,"We recently moved to Lees Summit area and wanted to support local businesses. Ciao Bella has a great atmosphere, good menu choices, and very friendly staff; the bar area is very small though. I ordered the chicken saltamboca and did not like my meal as the chicken lacked flavor and was not very tender. My husband had the seafodd raviloi and it was wonderful; I actually helped him eat his dish much to his distain. Overall a good experience and we will be returning.",10/13/2012,http://www.pickgrapevine.com/wantmore5/ciao-bella-lees-summit,ciao-bella-lees-summit
Ciao Italian Kitchen,http://www.opentable.com/ciao-italian-kitchen?scpref=110&tab=2,4.0,"1720 N. Webb Rd Suite 102 Wichita, KS  67206 ",83,Italian,$30 and under,Wichita,http://www.ciaoitaliankitchen.com,webmaster@ciaoitaliankitchen.com,(316) 613-2426,4 / 5,"We loved our food - especially the fresh, hot bread!",10/12/2012,http://www.pickgrapevine.com/wantmore5/ciao-italian-kitchen,ciao-italian-kitchen
Coal Vines,http://www.opentable.com/coal-vines?scpref=110&tab=2,4.1,"616 Ward Parkway Kansas City, MO  64112 ",54,Italian,$30 and under,Plaza / Brookside,http://www.coalvines.com,kansas@coalvines.com,(816) 912-2690,5 / 5,"Great food, people and location.",10/14/2012,http://www.pickgrapevine.com/wantmore5/coal-vines,coal-vines
Crown Uptown Dinner Theatre and Restaurant,http://www.opentable.com/crown-uptown-dinner-theatre-and-restaurant?scpref=110&tab=2,4.3,"3207 E. Douglas Wichita, KS  67218 ",41,Contemporary American,$31 to $50,Wichita,http://www.crownuptown.com,matthewcrownuptown@gmail.com,(316) 612-7696,4 / 5,"The evening was very good. I said to myself throughout the evening how impressed I was that Wichita had the talent to pull off a difficult musical like Sweeney Todd. The leads were strong and the ensemble cast was very good. Most of the vocals were truly impressive. I enjoyed every scene and was touched by many of the songs because they were delivered with such strong conviction. The acting was a bit uneven, the leads were obviously seasoned performers and created strong characters, but a few of the actors either over or underacted but their impact was minor in the overall production. The set design was stunningly effective and the stage was used to great advantage. The small orchestra was also very good. The overall effect was wonderful!",10/20/2012,http://www.pickgrapevine.com/wantmore5/crown-uptown-dinner-theatre-and-restaurant,crown-uptown-dinner-theatre-and-restaurant
della Voce,http://www.opentable.com/della-voce?scpref=110&tab=2,4.6,"405 Poyntz Avenue Manhattan, KS  66502 ",17,Italian,$30 and under,Manhattan,http://dellavoce.com/,noah@dellavoce.com,(785) 532-9000,3 / 5,"Took reservations for a larger group. Nice atmosphere. Service was not up to par. Server took my drink order and then left the table not asking anyone else at the table. Was first impression of the place. Food was good but thought selection was limited and pricey for the amount of food. We were celebrating a birthday but don't expect anything special as I was told they ""don't do anything special"" for special events by our server. Would think twice before returning.",10/05/2012,http://www.pickgrapevine.com/wantmore5/della-voce,della-voce
Drunken Fish - Kansas City,http://www.opentable.com/drunken-fish-kansas-city?scpref=110&tab=2,4.1,"14 E. 14th St. Kansas City, MO  64106 ",126,Sushi,$30 and under,Kansas City,http://www.drunkenfish.com/#location/4,charles@drunkenfish.com,(816) 474-7177,4 / 5,"The Drunken Fish was a great restaurant, the food was delicious and the serivce was great!",10/20/2012,http://www.pickgrapevine.com/wantmore5/drunken-fish-kansas-city,drunken-fish-kansas-city
The Dubliner,http://www.opentable.com/the-dubliner-kansas-city?scpref=110&tab=2,3.5,"170 E. 14th St. Kansas City, MO  64105 ",33,Irish,$30 and under,KC Power & Light District,http://thedublinerkc.com/,info@kchopps.com,(816) 268-4700,4 / 5,"The Dubliner had good food, good service, and plenty of TVs around to catch college football as we ate. As we were finishing up, a small band was setting up and although we did not stay to watch their set, I'm sure this contributed to the lively and fun atmosphere. Good place!",10/20/2012,http://www.pickgrapevine.com/wantmore5/the-dubliner-kansas-city,the-dubliner-kansas-city
EBT Restaurant,http://www.opentable.com/ebt-restaurant?scpref=110&tab=2,4.3,"1310 Carondelet Drive Kansas City, MO  64114 ",180,Contemporary American,$31 to $50,Kansas City,http://www.ebtrestaurant.com,ebt@sbcglobal.net,(816) 942-8870,5 / 5,"This was truly one of the best dining experiences my wife and I have had in some time. Pricing is reasonble for this type of fine dining and the atmosphere was very nice. Our food, from our bacon wrapped shrimp appetizer, all the way through to the Bansnas Foster dessert was excellent. We will be back.",10/20/2012,http://www.pickgrapevine.com/wantmore5/ebt-restaurant,ebt-restaurant
Eighty Eight @ The Elms,http://www.opentable.com/eighty-eight-at-the-elms?scpref=110&tab=2,3.6,"401 Regent Street Excelsior Springs, MO  64024 ",9,Contemporary American,$31 to $50,Excelsior Springs,http://www.elmshotelandspa.com/dining.html,scameron@ElmsHotelandSpa.com,(816) 630-5500,3 / 5,"We went here on a Sunday afternoon for lunch. There were only 2 other tables filled, so it was very quiet. The fennel soup was quite delicious and my husband really liked the pork street tacos. I had the open face fish po boy which had very little flavor, plus it came with cold french fries.",10/21/2012,http://www.pickgrapevine.com/wantmore5/eighty-eight-at-the-elms,eighty-eight-at-the-elms
Em Chamas Brazilian Grill,http://www.opentable.com/em-chamas-brazilian-grill?scpref=110&tab=2,4.3,"6101 NW 63rd Terrace Kansas City, MO  64151 ",321,Brazilian Steakhouse,$30 and under,Kansas City,http://www.emchamas.com,emchamas@emchamas.com,(816) 505-7100,5 / 5,This is my second Brazilian experience. The other restaurant was larger and offered more at the salad bar but did not have quite the expanded variety of meats. I was also impressed by the addition of seafood to this menu.,10/21/2012,http://www.pickgrapevine.com/wantmore5/em-chamas-brazilian-grill,em-chamas-brazilian-grill
Extra Virgin - Kansas City,http://www.opentable.com/extra-virgin-kansas-city?scpref=110&tab=2,4.2,"1900 Main Kansas City, MO  64108 ",112,Mediterranean,$30 and under,Crossroads / Freight District / Boulevard,http://www.extravirginkc.com,nancy@michaelsmithkc.com,(816) 842-2205,5 / 5,"Great food, great people. It says something good about a restaurant where the servers have been there for a long time. The team at Extra Virgin always works their tails off to make sure the experience is a positive one.",10/12/2012,http://www.pickgrapevine.com/wantmore5/extra-virgin-kansas-city,extra-virgin-kansas-city
The Farmhouse - Kansas City,http://www.opentable.com/the-farmhouse-kansas-city?scpref=110&tab=2,4.0,"300 Delaware St. Kansas City, MO  64105 ",131,American,$30 and under,Downtown / River Market,http://www.eatatthefarmhouse.com,info@eatatthefarmhouse.com,(816) 569-6032,4 / 5,Nice location just a short stroll from the City Market. Very inventive menu with fresh ingredients and plenty of satisfying options for the ravenous locavore. I chose the salmon croquettes with sweet potato cakes and both were exceptional. My fiance couldn't say enough good things about his eggs benedict with a fluffy pancake on the side topped with apple compote. The coffee was so good we found ourselves stopping at the Broadway cafe on the way home to pick up a bag to take home. Highly recommend this spot for brunch or lunch.,10/21/2012,http://www.pickgrapevine.com/wantmore5/the-farmhouse-kansas-city,the-farmhouse-kansas-city
Figlio Restaurant,http://www.opentable.com/figlio-restaurant?scpref=110&tab=2,4.2,"209 W 46th Terrace Kansas City, MO  64112 ",45,Italian,$30 and under,Plaza / Brookside,http://www.figlioitalianrestaurant.com,figlio@accessus.net,(816) 561-0505,5 / 5,"Even though we had reservations, we didn't really need them, as there were only two other tables there at lunch besides us. The food was scrumptious and our waiter, Matt, was very attentative and personable.",10/17/2012,http://www.pickgrapevine.com/wantmore5/figlio-restaurant,figlio-restaurant
Final Cut Steakhouse - Hollywood Casino Kansas City,http://www.opentable.com/final-cut-steakhouse-hollywood-casino-kansas-city?scpref=110&tab=2,4.3,"777 Hollywood Casino Blvd. Kansas City, KS  66111 ",41,American,$30 and under,Kansas City,http://www.hollywoodcasinokansas.com/Dining,bob.sheldon@pngaming.com,(913) 288-9300,5 / 5,Very nice place for a special occasion.,10/20/2012,http://www.pickgrapevine.com/wantmore5/final-cut-steakhouse-hollywood-casino-kansas-city,final-cut-steakhouse-hollywood-casino-kansas-city
Five21 - The Oread Hotel,http://www.opentable.com/five21-the-oread-hotel?scpref=110&tab=2,4.4,"1200 Oread Ave Lawrence, KS  66044 ",18,American,$30 and under,Lawrence,http://www.theoread.com,info@oliviacollection.com,(785) 830-3921,3 / 5,Server was efficient and friendly. Good green salad (Organic Field Greens). My entry (sea bass) was too salty. Dessert (cobbler) had a very weird taste. I'd give the service a 5 (out of 5) and the food a 2.,10/17/2012,http://www.pickgrapevine.com/wantmore5/five21-the-oread-hotel,five21-the-oread-hotel
Fridas Contemporary Mexican,http://www.opentable.com/fridas-contemporary-mexican?scpref=110&tab=2,4.2,"7200 W 121th St Overland Park, KS  66213 ",125,Mexican,$30 and under,Overland Park,http://www.fridasmexicancuisine.com,ivanmrqz@yahoo.com,(913) 897-0606,4 / 5,"A delicious and affordable contemporary Mexican cuisine menu top to bottom. Usually the word ""contemporary"" equates to expensive and minimal. . . not in this case.Our meal from drinks to appetizer to entre to desert were all exquisitely prepared, generously portioned and unbelievably delicious.The small spaces made for an intimate environment and the staff was knowledgeable and attentive.This place is a real gem for anyone wanting some traditional Mexican cuisine with a new flair.",09/08/2012,http://www.pickgrapevine.com/wantmore5/fridas-contemporary-mexican,fridas-contemporary-mexican
Gaslight Grill,http://www.opentable.com/gaslight-grill?scpref=110&tab=2,4.1,"5020 W 137th St Leawood, KS  66224 ",208,American,$31 to $50,Leawood,http://www.gaslightgrill.com,manager@gaslightgrill.com,(913) 897-3540,5 / 5,We always enjoy the food at Gaslight!,10/13/2012,http://www.pickgrapevine.com/wantmore5/gaslight-grill,gaslight-grill
Genovese,http://www.opentable.com/genovese?scpref=110&tab=2,3.9,"941 Massachusetts Street Lawrence, KS  66064 ",31,Italian,$30 and under,Lawrence,http://www.genoveseitalian.com,zenzerolaw@sbcglobal.net,(785) 842-0300,5 / 5,Made substitutions!! and split a glass of wine- excellent service! Food was great.,10/19/2012,http://www.pickgrapevine.com/wantmore5/genovese,genovese
Golden Ox,http://www.opentable.com/golden-ox?scpref=110&tab=2,3.5,"1600 Genessee Suite 100 Kansas City, MO  64102 ",18,Steakhouse,$30 and under,Downtown / River Market,http://goldenox.com,bteel@goldenox.com,(816) 842-2866,4 / 5,"Rustic decor, family style service, good food. Take your family for a pleasant, well-fed meal.",10/20/2012,http://www.pickgrapevine.com/wantmore5/golden-ox,golden-ox
Gram & Dun,http://www.opentable.com/gram-and-dun?scpref=110&tab=2,4.3,"600 Ward Parkway Kansas City, MO  64112 ",327,Gastro Pub,$30 and under,Plaza / Brookside,http://gramanddun.com,info@gramanddun.com,(816) 389-2900,4 / 5,"Great food, oft-changing menu (save for the absolute staples, which remain for good reason), romantic lighting. Can get extremely noisy, though. Sometimes difficult to hold a conversation. If you are seated along the row immediately inside the door, prepare to be in the way of traffic the entire meal.",10/19/2012,http://www.pickgrapevine.com/wantmore5/gram-and-dun,gram-and-dun
Grand Street Cafe,http://www.opentable.com/grand-street-cafe?scpref=110&tab=2,4.3,"4740 Grand Ave Kansas City, MO  64112 ",175,Contemporary American,$30 and under,Plaza / Brookside,http://grandstreetcafe.com,kristi@grandstreetcafe.com,(816) 561-8000,5 / 5,We've been here a zillion times and we always have a great experience!!!!!,10/20/2012,http://www.pickgrapevine.com/wantmore5/grand-street-cafe,grand-street-cafe
Great Plains Cattle Company - Ameristar Casino,http://www.opentable.com/great-plains-cattle-company-ameristar-casino?scpref=110&tab=2,4.4,"3200 North Ameristar Drive Kansas City, MO  64161 ",19,Steakhouse,$30 and under,Kansas City,http://www.ameristar.com/Kansas_City_Dining_Great_Plains_Cattle_Co.aspx,sarah.deboer@ameristar.com,(816) 414-7420,5 / 5,"Great PLains Cattle Company was Amazing, the lighting was beautiful, candlelit type ambience, beautiful fireplaces. It was a quiet and calm very relaxing and enjoyable. Service was wonderful ! Our matridee was polite respectable and very professional, he was able to describe all the items on the menus plus the specials in great detail made them sound delicious ! All servers were dressed very nice and all clean. Food was amazing, cooked appropriately and great portion sizes, Our new favorite most talked about resteraunt. We are posting to davebook and twitter about our experience !",10/13/2012,http://www.pickgrapevine.com/wantmore5/great-plains-cattle-company-ameristar-casino,great-plains-cattle-company-ameristar-casino
Han Shin Japanese Restaurant,http://www.opentable.com/han-shin-japanese-restaurant?scpref=110&tab=2,4.5,"7254 W. 121st Street Overland Park, KS  66213 ",4,Japanese,$30 and under,Overland Park,http://Hanshinkc.com,Hanshinkc@yahoo.com,(913) 327-1118,4 / 5,"Food was good (we did the hibachi grill), but I was really impressed with the service. She went out of her way to make sure we were satisfied.",07/31/2012,http://www.pickgrapevine.com/wantmore5/han-shin-japanese-restaurant,han-shin-japanese-restaurant
Harry's Restaurant,http://www.opentable.com/harrys-restaurant?scpref=110&tab=2,4.7,"418 Poyntz Ave Manhattan, KS  66502 ",77,American,$30 and under,Manhattan,http://www.harrysmanhattan.com,info@harrysmanhattan.com,(785) 537-1300,5 / 5,"As always, Harry's was a notable dining experience. Its quiet, almost private, environment added to a special time.",10/19/2012,http://www.pickgrapevine.com/wantmore5/harrys-restaurant,harrys-restaurant
Hereford House - Independence,http://www.opentable.com/hereford-house-independence?scpref=110&tab=2,4.3,"19721 East Jackson Drive Independence, MO  64057 ",109,Steakhouse,$30 and under,Independence,http://www.herefordhouse.com,res-hh4@herefordhouse.com,(816) 795-9200,3 / 5,Some of our food was cold when we got it. The waiter also served us the wrong drinks twice.,10/20/2012,http://www.pickgrapevine.com/wantmore5/hereford-house-independence,hereford-house-independence
Hereford House - Leawood,http://www.opentable.com/hereford-house-leawood?scpref=110&tab=2,4.2,"5001 Town Center Drive Leawood, KS  66211 ",186,Steakhouse,$30 and under,Leawood,http://www.herefordhouse.com,res-hh2@herefordhouse.com,(913) 327-0800,4 / 5,"We always enjoy going to Hereford House for a special evening. We order the roast beef, the cheese potatoes and sauteed spinach. We compliment it with a bottle of wine, which is why we prefer Sunday nights. Although we try, we always have left overs which we enjoy the next night.",10/21/2012,http://www.pickgrapevine.com/wantmore5/hereford-house-leawood,hereford-house-leawood
Hereford House - Shawnee,http://www.opentable.com/hereford-house-shawnee?scpref=110&tab=2,4.1,"17244 Midland Drive Shawnee, KS  66271 ",141,Steakhouse,$30 and under,Shawnee,http://www.herefordhouse.com,res-hh6@herefordhouse.com,(913) 268-8000,4 / 5,"Great food, great portions, great service equals a great experience...",10/19/2012,http://www.pickgrapevine.com/wantmore5/hereford-house-shawnee,hereford-house-shawnee
Hereford House - Wichita,http://www.opentable.com/hereford-house-wichita?scpref=110&tab=2,4.2,"1400 Terradyne Dr. Ste 100 Wichita, KS  67002",46,Steakhouse,$30 and under,Wichita,http://www.herefordhouse-wichita.com/index.php,joyamore@herefordhouse-wichita.com,(316) 733-7800,4 / 5,It was my birthday. Loved every minute. Our waiter was awesome. He was so knowledgeable about the Wine decanters and the glasses. Very entertaining and great personality.,10/13/2012,http://www.pickgrapevine.com/wantmore5/hereford-house-wichita,hereford-house-wichita
Hereford House - Zona Rosa,http://www.opentable.com/hereford-house-zona-rosa?scpref=110&tab=2,3.9,"8661 North Stoddard Avenue Kansas City, MO  64153 ",106,Steak,$30 and under,N. Kansas City,http://www.herefordhouse.com,res-hh5@herefordhouse.com,(816) 584-9000,4 / 5,I enjoyed the food. The meat was tender and had a wonderful flavorful taste.,10/20/2012,http://www.pickgrapevine.com/wantmore5/hereford-house-zona-rosa,hereford-house-zona-rosa
J. Gilbert’s – Wood Fired Steaks & Seafood - Overland Park,http://www.opentable.com/j-gilberts-wood-fired-steaks-and-seafood-overland-park?scpref=110&tab=2,4.5,"8901 Metcalf Overland Park, KS  66212 ",279,Steak,$30 and under,Overland Park,http://www.jgilberts.com/Home.aspx?825,3825@jgilberts.com,(913) 642-8070,3 / 5,"The food was very good as usual, but the service was not up to par. I think the server got sat with several large tables at once and we got lost in the shuffle. We will go back, but was hoping for a better experience since it was our wedding anniversary celebration.:(",10/20/2012,http://www.pickgrapevine.com/wantmore5/j-gilberts-wood-fired-steaks-and-seafood-overland-park,j-gilberts-wood-fired-steaks-and-seafood-overland-park
Journey Steakhouse - Argosy Casino Kansas City,http://www.opentable.com/journey-steakhouse-argosy-casino-kansas-city?scpref=110&tab=2,4.2,"777 NW Argosy Pkwy Riverside, MO  64150 ",25,Steakhouse,$31 to $50,Kansas City,http://www.stayargosy.com/KansasCity,Dwayne.Adams@pngaming.com,(816) 746-3485,5 / 5,Second time I've eaten there. An amazing restaurant. The sea bass and scallops are my favirote. Love the atmosphere and there is a nice martini bar next door for before dinner cocktails.,10/16/2012,http://www.pickgrapevine.com/wantmore5/journey-steakhouse-argosy-casino-kansas-city,journey-steakhouse-argosy-casino-kansas-city
Julian,http://www.opentable.com/julian?scpref=110&tab=2,4.3,"6227 Brookside Plaza Kansas City, MO  64113 ",137,American,$30 and under,Plaza / Brookside,http://juliankc.com,info@JulianKC.com,(816) 214-8454,5 / 5,as always the best me and my wifes fav,10/14/2012,http://www.pickgrapevine.com/wantmore5/julian,julian
Kona Grill - Kansas City,http://www.opentable.com/kona-grill-kansas-city?scpref=110&tab=2,4.3,"444 Ward Parkway Country Club Plaza Kansas City, MO  64112",89,Contemporary American,$30 and under,Plaza / Brookside,http://www.konagrill.com,kansascity@konagrill.com,(816) 931-5888,5 / 5,Front of the rest. was absolutely packed when entering and that led to a large noise while eating. But overall the food was good but a bit pricey.,10/13/2012,http://www.pickgrapevine.com/wantmore5/kona-grill-kansas-city,kona-grill-kansas-city
La Bodega - Kansas City,http://www.opentable.com/la-bodega-kansas-city?scpref=110&tab=2,4.4,"703 Southwest Blvd. Kansas City, MO  64108 ",96,Spanish,$30 and under,Kansas City,http://www.labodegakc.com,info@labodegakc.com,(816) 472-8272,4 / 5,"Love this place, and love to take out-of-towners! My only beef is that it's very loud.",09/13/2012,http://www.pickgrapevine.com/wantmore5/la-bodega-kansas-city,la-bodega-kansas-city
La Bodega - Leawood,http://www.opentable.com/la-bodega-leawood?scpref=110&tab=2,4.2,"4311 W 119th St. Leawood, KS  66209 ",95,Spanish,$30 and under,Leawood,http://www.Labodegakc.com,info@labodegakc.com,(913) 428-8272,3 / 5,"The food was flavorful but I couldn't find the mushroom on my portabella mushroom sandwich and my co-worker couldn't find the ahi tuna on her ahi tuna sandwich. It just all seemed like condiments. Flavorful condiments, but no substance. We didn't complain because we had a large group and didn't want to delay things.",10/12/2012,http://www.pickgrapevine.com/wantmore5/la-bodega-leawood,la-bodega-leawood
Le Fou Frog,http://www.opentable.com/le-fou-frog?scpref=110&tab=2,4.4,"400 East 5th Street Kansas City, MO  64106 ",199,French,$30 and under,Downtown / River Market,http://www.lefoufrog.com,lefoufrog@yahoo.com,(816) 474-6060,5 / 5,Our favorite restaurant for any special occasion or for any relaxing evening.,10/21/2012,http://www.pickgrapevine.com/wantmore5/le-fou-frog,le-fou-frog
Lidia's Restaurant,http://www.opentable.com/lidias-restaurant?scpref=110&tab=2,4.4,"101 W 22nd Street Kansas City, MO  64108 ",379,Italian,$31 to $50,Crossroads / Freight District / Boulevard,http://www.lidias-kc.com,shawkins@lidias-kc.com,(816) 221-3722,5 / 5,Lidia's was a perfect setting for a brunch--the food was delectable and exceeded our expectations! No salt and pepper on ANY table--which only meant one thing: the food was seasoned to perfection!,10/21/2012,http://www.pickgrapevine.com/wantmore5/lidias-restaurant,lidias-restaurant
Luciano's - Kansas,http://www.opentable.com/lucianos-kansas?scpref=110&tab=2,4.3,"216 W. Main Street Mulvane, KS  67110 ",63,Italian,$30 and under,Wichita,http://restaurantlucianos.com/,restaurantlucianos@hotmail.com,(316) 777-0045,5 / 5,"As always, our favorite place to dine. Can't say enough about the food or the service. It is downright excellent every visit!",10/20/2012,http://www.pickgrapevine.com/wantmore5/lucianos-kansas,lucianos-kansas
M & S Grill - Kansas City,http://www.opentable.com/m-and-s-grill-kansas-city?scpref=110&tab=2,3.9,"4646 JC Nichols Parkway Kansas City, MO  64112 ",92,Steak,$30 and under,Plaza / Brookside,http://www.MandSGrill.com,mgkc@ldry.com,(816) 531-7799,1 / 5,3 hours for a mediocre meal. I would never go again.,10/20/2012,http://www.pickgrapevine.com/wantmore5/m-and-s-grill-kansas-city,m-and-s-grill-kansas-city
Majestic Restaurant,http://www.opentable.com/majestic-restaurant?scpref=110&tab=2,4.5,"931 Broadway Kansas City, MO  64105 ",148,American,$30 and under,Downtown / River Market,http://www.majestickc.com,themajestickc@yahoo.com,(816) 221-1888,5 / 5,"The Jazz Club in The Majestic Steakhouse was an amazing find. The food was quite good though a bit overpriced. However, the live jazz was the absolute best my wife and I have ever enjoyed. We just sat and listened for hours, and during that time, not only did the trio of musicians play fantastic music, but guests did, too. Throughout the evening, 3 diners and 2 traveling musicians got up on stage and joined (or replaced) the 3 on stage. It was vibrant, and wonderful. The service was great too. The restaurant became an instant favorite of ours, and we will go again.",10/21/2012,http://www.pickgrapevine.com/wantmore5/majestic-restaurant,majestic-restaurant
Maker's Mark Bourbon House & Lounge,http://www.opentable.com/makers-mark-bourbon-house-and-lounge-kansas-city?scpref=110&tab=2,4.1,"1333 Walnut Street Kansas City, MO  64105 ",57,Steak,$31 to $50,KC Power & Light District,http://makersmarkrestaurant.com/,info@makersmarkrestaurant.com,(816) 442-8115,5 / 5,"Fantastic experience! My wife said it's the best filet she's had. Overall experience at least in my top 5. Great atmosphere,service,food and location.",10/12/2012,http://www.pickgrapevine.com/wantmore5/makers-mark-bourbon-house-and-lounge-kansas-city,makers-mark-bourbon-house-and-lounge-kansas-city
Marina Grog & Galley - Lake Lotawana,http://www.opentable.com/marina-grog-and-galley?scpref=110&tab=2,4.2,"22 A St Gate 1 at Waters Edge Lake Lotawana, MO  64086",127,Steak,$31 to $50,Kansas City,http://marinagrogandgalley.com,grogandgalley@aol.com,(816) 578-5511,5 / 5,Great place for any occasion. When weather is nice outdoor dining is great too.,10/20/2012,http://www.pickgrapevine.com/wantmore5/marina-grog-and-galley,marina-grog-and-galley
Marrakech Cafe,http://www.opentable.com/marrakech-cafe?scpref=110&tab=2,4.1,"4116 Broadway Street Kansas City, MO  64111 ",14,Moroccan,$30 and under,39th St / Westport / Midtown,http://www.marrakechcafekc.com/,noreddinekamal@yahoo.com,(816) 753-7520,5 / 5,"The food was excellently spiced - not hot just a very flavorful kiss on the palette. The service was the best I have seen in a long time - fast, friendly and very helpful. KC is famous for BBQ but reserve a night of fine dining at the Marrakech Cafe, you will not be disappointed!",10/06/2012,http://www.pickgrapevine.com/wantmore5/marrakech-cafe,marrakech-cafe
McCormick & Schmick's Seafood - Kansas City,http://www.opentable.com/mccormick-and-schmicks-seafood-kansas-city?scpref=110&tab=2,4.1,"448 West 47th Street Kansas City, MO  64112 ",333,Seafood,$30 and under,Plaza / Brookside,http://www.McCormickandSchmicks.com,mskc@ldry.com,(816) 531-6800,4 / 5,Cedric was very helpful. A great server.,10/20/2012,http://www.pickgrapevine.com/wantmore5/mccormick-and-schmicks-seafood-kansas-city,mccormick-and-schmicks-seafood-kansas-city
The Melting Pot - Kansas City,http://www.opentable.com/the-melting-pot-kansas-city?scpref=110&tab=2,4.4,"450 Ward Parkway Country Club Plaza Kansas City, MO  64112",273,Fondue,$31 to $50,Plaza / Brookside,http://www.meltingpot.com/kansas-city/specials,meltingpotkc@aol.com,(816) 931-6358,5 / 5,The Melting Pot was very accommodating. We wanted to be seated near a TV in the bar area so we could watch a big football game and they did just that! The service was great along with the food and wine! We will return for sure!!!,10/20/2012,http://www.pickgrapevine.com/wantmore5/the-melting-pot-kansas-city,the-melting-pot-kansas-city
Mesob Pikliz Restaurant,http://www.opentable.com/mesob-pikliz-restaurant?scpref=110&tab=2,3.0,"3405 Independence Ave Kansas City, MO  64124 ",2,Ethiopian,$30 and under,Downtown / River Market,http://www.mesobpikliz.com,chervend@gmail.com,(816) 920-5825,2 / 5,"The items my dinner date and I ended up ordering were the ones left after a long process of elimination because we evidently caught them at the end of a purchasing cycle and the first 4 things we ordered from the menu were not available. They said they were going to have a full pantry on Monday, but were out on Thursday at 7pm. It was good to see everything is created in-house and not pre-made entrees and heated them for presentation, and a bit annoying to keep choosing and hearing, ""No, we don't have that either."" What they did have on hand was very well prepared, a bit slow to arrive, but we would go back, just earlier in the week.",09/20/2012,http://www.pickgrapevine.com/wantmore5/mesob-pikliz-restaurant,mesob-pikliz-restaurant
Mestizo,http://www.opentable.com/mestizo?scpref=110&tab=2,4.3,"5270 W. 116th Place Leawood, KS  66211 ",178,Mexican,$30 and under,Leawood,http://www.mestizoleawood.com,mvalent@mestizoleawood.com,(913) 752-9025,5 / 5,We had a large group for a family bday celebration. The entire experience was wonderful! Will definitely be back!!,10/13/2012,http://www.pickgrapevine.com/wantmore5/mestizo,mestizo
Michael Forbes Bar & Grille,http://www.opentable.com/michael-forbes-bar-and-grille?scpref=110&tab=2,3.8,"128 W. 63rd Street Kansas City, MO  64113 ",96,American,$30 and under,Plaza / Brookside,http://www.michaelforbesgrille.com/,michaelforbesgrille@gmail.com,(816) 333-4355,2 / 5,The Prime Rib special was decidedly subpar. I was expecting much better food given the hype surrounding this restaurant in trendy Brookside.,10/13/2012,http://www.pickgrapevine.com/wantmore5/michael-forbes-bar-and-grille,michael-forbes-bar-and-grille
Mio - an Italian Trattoria,http://www.opentable.com/mio-an-italian-trattoria?scpref=110&tab=2,4.4,"4800 West 135th Street #170 Leawood, KS  66209",35,Italian,$30 and under,Leawood,http://www.mio-leawood.com,info@mio-leawood.com,(913) 685-9646,5 / 5,This little restaurant is a jewel. Exceptional food. My wife had the linguini alla pescatora. Wow! Delicious right down to the last bit of sauce! I had insalata di guliano for a light dinner - just exceptional. The waiter was attentive and friendly.,09/14/2012,http://www.pickgrapevine.com/wantmore5/mio-an-italian-trattoria,mio-an-italian-trattoria
Nara Kansas City,http://www.opentable.com/nara-kansas-city?scpref=110&tab=2,4.3,"1617 Main Street Kansas City, MO  64108 ",52,Sushi,$30 and under,Crossroads / Freight District / Boulevard,http://www.narakc.com,information@narakc.com,(816) 221-6272,5 / 5,"we had an amazing time, great service",10/20/2012,http://www.pickgrapevine.com/wantmore5/nara-kansas-city,nara-kansas-city
New City Cafe,http://www.opentable.com/new-city-cafe?scpref=110&tab=2,4.6,"4005 SW Gage Center Drive Topeka, KS  66604 ",9,Caribbean,$30 and under,Topeka,http://www.newcityonline.biz,luis@newcityonline.biz,(785) 271-8646,5 / 5,I've ordered many different entrees and they were all awesome,09/24/2012,http://www.pickgrapevine.com/wantmore5/new-city-cafe,new-city-cafe
Newport Grill,http://www.opentable.com/newport-grill?scpref=110&tab=2,4.6,"1900 N Rock Rd. Wichita, KS  67226 ",56,Seafood,$30 and under,Wichita,http://www.newportgrillwichita.com,newportgrill@eatpbj.com,(316) 636-9555,4 / 5,"Nice ambiance, good menu above average service!",10/19/2012,http://www.pickgrapevine.com/wantmore5/newport-grill,newport-grill
Nica's 320,http://www.opentable.com/nicas-320?scpref=110&tab=2,4.1,"320 Southwest Boulevard Kansas City, MO  64108 ",98,Fusion / Eclectic,$30 and under,Crossroads / Freight District / Boulevard,http://www.nicas320.com,chefb@nicas320.com,(816) 471-2900,4 / 5,"The food was excellent and it is a great venue. We (four of us) were there for brunch on a Saturday morning. The restaurant was not overly crowded; however, the service was some of the slowest and unmotivated I've ever had at a KC restaurant. Normally such poor service would put it in my ""no return"" category but the quality of the food warrants another visit, but there is a difference between laid back and lazy. I'm all for a laid back dining experience but the service we received was just lazy...",10/20/2012,http://www.pickgrapevine.com/wantmore5/nicas-320,nicas-320
NoRTH - Kansas City,http://www.opentable.com/north-kansas-city?scpref=110&tab=2,4.2,"4579 West 119th Street Leawood, KS  66209 ",135,Italian,$30 and under,Leawood,http://foxrc.net/north.html,northkc@foxrc.net,(913) 232-5191,4 / 5,Have been to North a few times and the food is always very good.The place was full when we arrived but we were able to get in without much difficulty.Good wine list and ambiance. Will definitely be back again.,10/19/2012,http://www.pickgrapevine.com/wantmore5/north-kansas-city,north-kansas-city
Perazelli's,http://www.opentable.com/perazellis?scpref=110&tab=2,3.8,"812 W. Foxwood Dr. Raymore, MO  64083 ",4,Italian,$30 and under,Kansas City,http://www.perazellis.com,info@perazellis.com,(816) 537-9997,2 / 5,The food and service was excellent. The bolognese sauce was excellent and my wife loves the Alfredo. The bruschetta is also very good. One of the best things we have eaten there is the Carrot Cake. The waitresses are so nice and not afraid to stop and talk a bit.,09/14/2012,http://www.pickgrapevine.com/wantmore5/perazellis,perazellis
Pierpont's at Union Station,http://www.opentable.com/pierponts-at-union-station?scpref=110&tab=2,4.4,"30 West Pershing Road #900 Kansas City, MO  64108 ",297,Steak,$31 to $50,Crossroads / Freight District / Boulevard,http://www.pierponts.com,res-pierponts@herefordhouse.com,(816) 221-5111,5 / 5,As always - very enjoyable dinner,10/20/2012,http://www.pickgrapevine.com/wantmore5/pierponts-at-union-station,pierponts-at-union-station
"Plaza III, The Steakhouse - Kansas City",http://www.opentable.com/plaza-iii-the-steakhouse?scpref=110&tab=2,4.3,"4749 Pennsylvania Ave Kansas City, MO  64112 ",137,Steakhouse,$31 to $50,Plaza / Brookside,http://plazaiiikcsteakhouse.com/,banquetsplaza3@accessus.net,(816) 753-0000,5 / 5,"The Plaza III Steakhouse has such a reputation for great food and atmoshpere,and certainly lived up to it's reputation on Saturday! We both opted for the KC Strip Fromage, and the steaks were perfect. Incredible flavor, cooked perfectly, and a generous helping to boot. We had the Seafood Bisque and a Spinach Salad for appetizers, and capped the night off with the Chocllate Souffle. We also enjoyed a nice Malbec with our meal, that we enjoyed so much we ordered three bottles online during dinner to enjoy at home!Everything stacked up to make this an exciting and excellent dining experience, one that we will definitely enjoy again in the weeks and months to come.",10/20/2012,http://www.pickgrapevine.com/wantmore5/plaza-iii-the-steakhouse,plaza-iii-the-steakhouse
Remedy Food + Drink,http://www.opentable.com/remedy-food-and-drink?scpref=110&tab=2,4.0,"500 W 75th St Kansas City, MO  64114 ",31,Gastro Pub,$30 and under,Waldo,http://www.whatsyourremedykc.com,theremedykc@gmail.com,(816) 361-9788,4 / 5,This was my first experience at Remedy and I must say I was pleasantly surprised. The waitress was very flexible in allowing our conversation to flourish without interruption (only when needed for drinks/ordering). The food was delicious and I highly suggest the cauliflower mashed potatoes with the burger. The chairs were comfortable and the restaurant was buzzing with folks from 6:30 to 8:00pm.,10/10/2012,http://www.pickgrapevine.com/wantmore5/remedy-food-and-drink,remedy-food-and-drink
Renaissance Cafe,http://www.opentable.com/renaissance-cafe?scpref=110&tab=2,4.6,"210 North Center Street Assaria, KS  67416 ",67,Italian,$30 and under,Salina,http://www.renaissancecafeassaria.com,kevin.obrien@renaissancecafeassaria.com,(785) 822-6750,5 / 5,"Set in an old school gymnasium, the restaurant is in the balcony and the gym is available for group rentals. The walls are covered with pictures of literary masters. Awesome atmosphere for small or larger groups. Food is top notch, too.",10/11/2012,http://www.pickgrapevine.com/wantmore5/renaissance-cafe,renaissance-cafe
The Rieger Hotel Grill and Exchange,http://www.opentable.com/the-rieger-hotel-grill-and-exchange?scpref=110&tab=2,4.3,"1924 Main St. Kansas City, MO  64108 ",141,American,$30 and under,Downtown / River Market,http://www.theriegerkc.com,ryan@theriegerkc.com,(816) 471-2177,4 / 5,Everyone in our party enjoyed their dinner. A lively atmosphere and attentive service. We will go again.,10/19/2012,http://www.pickgrapevine.com/wantmore5/the-rieger-hotel-grill-and-exchange,the-rieger-hotel-grill-and-exchange
Room 39 - Leawood,http://www.opentable.com/room-39?scpref=110&tab=2,4.4,"105th &amp; Mission Road Leawood, KS  66206 ",161,American,$30 and under,Leawood,http://www.rm39.com/,info@rm39.com,(913) 648-7639,5 / 5,Wonderful food and service!!! Will definitely go back.,09/28/2012,http://www.pickgrapevine.com/wantmore5/room-39,room-39
Room 39 - Midtown,http://www.opentable.com/room-39-midtown?scpref=110&tab=2,4.4,"1719 West 39th Street Kansas City, MO  64111 ",130,American,$30 and under,39th St / Westport / Midtown,http://www.rm39.com/,info@rm39.com,(816) 753-3939,5 / 5,"We were in town to celebrate my daughter and a friend's half-marathon finish. After the race, we headed over for breakfast with a small group, and we were thrilled with everything we had! We were certainly glad we had a reservation as the place was packed. Every one of us agreed we'd be back for more! The service was excellent as well, and we even bought some of the house coffee.",10/20/2012,http://www.pickgrapevine.com/wantmore5/room-39-midtown,room-39-midtown
Ruth's Chris Steak House - Kansas City,http://www.opentable.com/ruths-chris-steak-house-kansas-city?scpref=110&tab=2,4.6,"700 W. 47th Street, Suite 115 The Plaza Steppes Kansas City, MO  64112",42,Steak,$31 to $50,Plaza / Brookside,http://www.ruthschris.com/Steak-House/3827/Kansas-City,kansascity@ruthschris.com,(816) 531-4800,5 / 5,First time visitors to the restaurant. We were very happy with the overall service from entering to exiting the restaurant. We were able to split our meal and have plenty to fill up on. The one lb. baked potato wasn't really one lb. so I recommend not sharing the baked potato. Will return for special occasions.,10/20/2012,http://www.pickgrapevine.com/wantmore5/ruths-chris-steak-house-kansas-city,ruths-chris-steak-house-kansas-city
Seasons 52 - Kansas City,http://www.opentable.com/seasons-52-kansas-city?scpref=110&tab=2,4.5,"340 Ward Parkway Kansas City, MO  12345 ",432,Contemporary American,$30 and under,Plaza / Brookside,http://www.Seasons52.com,S52USA4523@darden.com,(816) 531-0052,4 / 5,"We were seated immediately, the employees were highly attentive and knowledgeable about the menu items. The timing of events in regard to drinks, main course and desert were not rushed. The food was wonderful. Overall my fiance and I had an enjoyable dining experience. The only thing that could have made it better would we could have had a booth and were seated away from the kitchen. Thumbs up. :-)",10/20/2012,http://www.pickgrapevine.com/wantmore5/seasons-52-kansas-city,seasons-52-kansas-city
Snow and Company,http://www.opentable.com/snow-and-company?scpref=110&tab=2,4.3,"1815 Wyandotte Kansas City, MO  64110 ",3,Contemporary American,$30 and under,Kansas City,http://www.snowandcompany.com,info@snowandcompany.com,(816) 214-8921,5 / 5,"I can't speak for the food, but the drinks were great. We had a nice relaxed time and enjoyed the variety of drink options. I can't think of any place like this in Kansas City, the frozen cocktail idea is a good one for summer, I just hope they can survive the cold winters!",08/10/2012,http://www.pickgrapevine.com/wantmore5/snow-and-company,snow-and-company
Story,http://www.opentable.com/story?scpref=110&tab=2,4.6,"3931 W. 69th Terr. Prairie Village, KS  66208 ",223,American,$30 and under,Prairie Village,http://www.storykc.com/,storyrestaurant@gmail.com,(913) 236-9955,5 / 5,Amazing food and service! Highly recommend,10/19/2012,http://www.pickgrapevine.com/wantmore5/story,story
Sullivan's Steakhouse - Leawood,http://www.opentable.com/sullivans-steakhouse-leawood?scpref=110&tab=2,4.4,"4501 West 119th Street Leawood, KS  66209 ",93,Steakhouse,$31 to $50,Leawood,http://sullivansteakhouse.com,sullivans.leawood@dfrg.com,(913) 345-0800,3 / 5,"The menu and food were terrific, but the service was painfully slow. It took an hour to get our entrees, which would have been more tolerable had it not also taken quite some time to order and receive our wine. We made it clear in advance we were not in for a long, leisurely 2-3 hour meal.",10/19/2012,http://www.pickgrapevine.com/wantmore5/sullivans-steakhouse-leawood,sullivans-steakhouse-leawood
Sunset Grill - Kansas,http://www.opentable.com/sunset-grill-kansas?scpref=110&tab=2,4.5,"14577 Metcalf Ave Overland Park, KS  66223 ",21,American,$30 and under,Overland Park,http://www.sunsetgrillrestaurant.com,sunsetgrill1@sbcglobal.net,(913) 681-1722,5 / 5,Great theme ambiance tucked in a strip shopping center.The food was simply perfect; great service; well stocked bar.,10/04/2012,http://www.pickgrapevine.com/wantmore5/sunset-grill-kansas,sunset-grill-kansas
Sushi House,http://www.opentable.com/sushi-house?scpref=110&tab=2,4.3,"5041 West 117th Street Leawood, KS  66211 ",21,Sushi,$30 and under,Leawood,http://www.mysushihouse.com,bigtuna@mysushihouse.com,(913) 663-3333,5 / 5,"Awesome sushi rolls! Will go back again when in Kansas for sure, a really great find!",10/03/2012,http://www.pickgrapevine.com/wantmore5/sushi-house,sushi-house
Tannin Wine Bar and Kitchen,http://www.opentable.com/tannin-wine-bar-and-kitchen?scpref=110&tab=2,4.2,"1526 Walnut St. Kansas City, MO  64108 ",65,Contemporary American,$30 and under,Downtown / River Market,http://www.tanninwinebar.com,info@tanninwinebar.com,(816) 842-2660,3 / 5,"Fine food and atmosphere, however with a reservation we would hbe expected a booth/table for dinner rather than a bar hightop. That was disappointing and I had even made a special note on Opentable when Iade the reservation.",10/20/2012,http://www.pickgrapevine.com/wantmore5/tannin-wine-bar-and-kitchen,tannin-wine-bar-and-kitchen
Tavern at Mission Farms,http://www.opentable.com/tavern-at-mission-farms?scpref=110&tab=2,4.1,"10681 Mission Road Leewood, KS  66206 ",114,American,$30 and under,Leawood,http://www.tavernatmissionfarms.com,kmanning@tavernatmissionfarms.com,(913) 213-6588,5 / 5,Overall experience was great. We had reservations and had to wait a bit. The service was somewhat slow. Most likely another night besides Saturday would have been faster service. It was noisy. My husband had the fillet and said it was great.,10/20/2012,http://www.pickgrapevine.com/wantmore5/tavern-at-mission-farms,tavern-at-mission-farms
Tavern In The Village,http://www.opentable.com/tavern-in-the-village?scpref=110&tab=2,4.3,"3901 Prairie Lane Prairie Village, KS  66208 ",158,American,$30 and under,Prairie Village,http://www.taverninthevillage.com,kmanning@taverninthevillage.com,(913) 529-2229,4 / 5,Excellent food and service. It's on my list of favorites now.,10/19/2012,http://www.pickgrapevine.com/wantmore5/tavern-in-the-village,tavern-in-the-village
Teller's Restaurant,http://www.opentable.com/tellers-restaurant?scpref=110&tab=2,4.0,"746 Massachusetts Street Lawrence, KS  66044 ",36,Contemporary American,$30 and under,Lawrence,http://www.tellerslawrence.com,info@tellerslawrence.com,(785) 843-4111,5 / 5,"An excellent atmosphere accompanied by excellent service and food. A great night of dining and memories with my family. The range of ages for our group was 15 to 57 and everyone found an item on the menu that fit each person's taste. Our server was attentive and impressed me with an excellent memory to take all the individual orders without one mistake. I was a fan of the pork chop - the best I have had. Others enjoyed the roasted chicken,grilled scallops and a fabulous ribeye steak. One of my daughters made a meal and raved about the Caesar salad. We have decided to make Tellers our restaurant of choice.",10/10/2012,http://www.pickgrapevine.com/wantmore5/tellers-restaurant,tellers-restaurant
TEN at the Eldridge,http://www.opentable.com/ten-at-the-eldridge?scpref=110&tab=2,3.8,"701 Massachusetts The Eldridge Hotel Lawrence, KS  66044",19,Contemporary American,$30 and under,Lawrence,http://www.eldridgehotel.com,ten@eldridgehotel.com,(785) 749-1005,2 / 5,"Our high expectations were reinforced by the nice decor, and the immediate attention of the hostess. However the evening quickly deteriorated with the poor quality of food and service. While 3 in our party sipped mixed drinks, the fourth member of the group never got his wine until we were ready for a second round! Then the food portions were scanty, except for the loaded potatoes, whichWere too big, and served cold! These were replaced with supposedly hot potatoes, but the only things hot by this time were our tempers.",10/13/2012,http://www.pickgrapevine.com/wantmore5/ten-at-the-eldridge,ten-at-the-eldridge
Tucson's Steakhouse,http://www.opentable.com/tucsons-steakhouse?scpref=110&tab=2,4.3,"2750 S 9th St. Salina, KS  67401 ",31,Steakhouse,$30 and under,Salina,http://www.tucsonssteakhouse.com,tucsons@sbcglobal.net,(785) 820-9595,5 / 5,"Food was good, and server, Chantell,was very efficient.",10/18/2012,http://www.pickgrapevine.com/wantmore5/tucsons-steakhouse,tucsons-steakhouse
Urban Table,http://www.opentable.com/urban-table?scpref=110&tab=2,4.1,"8232 Mission Road Prairie Village, KS  66208 ",106,Contemporary American,$30 and under,Prairie Village,http://www.urbantablekc.com,info@urbantablekc.com,(913) 948-6900,3 / 5,"The service here was excellent. The entrees were a bit disappointing, but the app's were delicious! I would recommend Urban Table as a great place for a casual drink and a few small bites.",09/28/2012,http://www.pickgrapevine.com/wantmore5/urban-table,urban-table
V's Italiano Ristorante,http://www.opentable.com/vs-italiano-ristorante?scpref=110&tab=2,4.5,"10819 E. US Highway 40 Independence, MO  64055 ",92,Italian,$30 and under,Independence,http://www.VsRestaurant.com,gregory@vsrestaurant.com,(816) 353-1241,5 / 5,"Great food, courteous staff, quiet and clean. No loud music so you can talk and enjoy conversations. Will have to return there soon.",10/19/2012,http://www.pickgrapevine.com/wantmore5/vs-italiano-ristorante,vs-italiano-ristorante
Webster House,http://www.opentable.com/webster-house?scpref=110&tab=2,4.4,"1644 Wyandotte St Kansas City, MO  64108 ",381,Contemporary American,$30 and under,Crossroads / Freight District / Boulevard,http://www.websterhousekc.com,dtaylor@websterhousekc.com,(816) 221-4713,4 / 5,"I love Webster House. I love the building, the ironwork, the location. I love the retail concept and the high quality of goods sold. I love the restaurant because you always feel special when dining there. But, on a recent visit for brunch, I did find a few things on which to offer some constructive criticism. Number one...what's with the scrambled eggs? They look and taste like they came out of a carton. PLEASE don't do this. Second...I love the idea of the rosemary ham, gruyere waffles with fried chicken. The fried chicken was awesome. I like a savory waffle, but I think melting the gruyere over the waffle would work better (never did see the ham). The fruit sauce was thin and made the waffles wet.",10/21/2012,http://www.pickgrapevine.com/wantmore5/webster-house,webster-house
WestChase Grille,http://www.opentable.com/westchase-grille?scpref=110&tab=2,4.3,"11942 Roe Avenue Overland Park, KS  66209 ",228,Contemporary American,$30 and under,Leawood,http://www.westchasegrille.com,john@westchasegrille.com,(913) 663-5400,5 / 5,Fantastic experience. Soon to be one of our favorites.,10/21/2012,http://www.pickgrapevine.com/wantmore5/westchase-grille,westchase-grille
Westport Cafe & Bar,http://www.opentable.com/westport-cafe-and-bar?scpref=110&tab=2,4.3,"419 Westport Rd Kansas City, MO  64111 ",75,French,$30 and under,39th St / Westport / Midtown,http://westportcafeandbar.com,aaronc@westportcafeandbar.com,(816) 931-4740,3 / 5,Westport Cafe and Bar is one of our favorite restaurants. We have our favorites and that is what we had again this visit. We started with the mussels with tomato fennel sauce. This time it was a bit under par. Some of the mussels were less than plump and it seemed there was less sauce (to dip the bread) than usual. My wife's soup and arugula salad were very good as was my cheese burger with grilled onions. Can't wait to go back!,10/20/2012,http://www.pickgrapevine.com/wantmore5/westport-cafe-and-bar,westport-cafe-and-bar
The Westside Local,http://www.opentable.com/the-westside-local?scpref=110&tab=2,4.4,"1663 Summit Street Kansas City, MO  64108 ",110,American,$30 and under,Kansas City,http://www.thewestsidelocal.com,events.westsidelocal@gmail.com,(816) 997-9089,4 / 5,"Really liked the food and despite getting cold coffee, everything was great. And they fixed the coffee problem just fine.",10/20/2012,http://www.pickgrapevine.com/wantmore5/the-westside-local,the-westside-local
Yia Yia's Euro Bistro - Overland Park,http://www.opentable.com/yia-yias-euro-bistro?scpref=110&tab=2,4.2,"4701 W 119th Street Overland Park, KS  66209 ",127,European,$30 and under,Overland Park,http://www.yiayiaskc.com/,scochran@eatpbj.com,(913) 345-1111,5 / 5,I always enjoy the Sunday Brunch. The Caramel French toast is my favorite. We always receive great service.,10/21/2012,http://www.pickgrapevine.com/wantmore5/yia-yias-euro-bistro,yia-yias-euro-bistro
Zocalo Mexican Cuisine & Tequileria,http://www.opentable.com/zocalo-mexican-cuisine-and-tequileria?scpref=110&tab=2,4.1,"620 W. 48th St. Kansas City, MO  64112 ",96,Contemporary Mexican,$30 and under,Plaza / Brookside,http://www.Zocalokc.com,Dinh@zocalokc.com,(816) 756-5555,5 / 5,This was our first time to vist Zocala and we found it to be a very warm place. The service was excellent and the food was above average for Plaza restaurants. Excellent seating next to the sidewalk.,10/20/2012,http://www.pickgrapevine.com/wantmore5/zocalo-mexican-cuisine-and-tequileria,zocalo-mexican-cuisine-and-tequileria
