4th Street Grille,http://www.opentable.com/4th-street-grille?scpref=110&tab=2,3.7,"400 L St. Sacramento, CA  95814 ",23,Californian,$30 and under,Sacramento,http://4thstreetgrille.com,mngmt@4thstreetgrille.com,(916) 448-2847,3.7 / 5,Loved the Fish and Chips. Fresh and then breaded with homemade breading. Our waiter Mike was gracious and saw to it our needs were taken care of quickly and with no problem.,10/04/2012,http://www.pickgrapevine.com/wantmore5/4th-street-grille,4th-street-grille
Aioli Bodega Espanola,http://www.opentable.com/aioli-bodega-espanola?scpref=110&tab=2,4.4,"1800 L Street Sacramento, CA  95818 ",93,Spanish,$30 and under,Sacramento,http://aiolibodega.com,aiolibodega@gmail.com,(916) 447-9440,4.4 / 5,"Nice energy with a guitarist playing, loud enough to enhance the dining experience, but not too loud to interfere with conversations. The food was excellent. I had the skirt steak and my friend had salmon; both came with au gratin potatoes and sauteed spinach, which were delicious. Our server was very attentive and excellent with wine recommendations. Overall, a great dining experience...we'll be back!",10/05/2012,http://www.pickgrapevine.com/wantmore5/aioli-bodega-espanola,aioli-bodega-espanola
Ambience,http://www.opentable.com/ambience?scpref=110&tab=2,4.6,"6440 Fair Oaks Blvd Carmichael, CA  95608 ",34,French,$50 and over,Carmichael,http://www.ambiencerestaurantsac.com,ambience_restaurant@yahoo.com,(916) 489-8464,4.6 / 5,"We have been to Ambience a number of times and have always had agood experience , with exceptional service... Having said that , themenu has regrettably become tired and predictable. If you've neverbeen, then by all means go and enjoy but you won't need to go againbecause the menu will be the same or a basic variation on the sameingredients. Here's hoping chef Song has some new inspiration....I for one would welcome the change..... and let me say that this is NOT a bad review, the food is very good,It's just always the same.",09/28/2012,http://www.pickgrapevine.com/wantmore5/ambience,ambience
Back Wine Bar & Bistro,http://www.opentable.com/back-wine-bar-and-bistro?scpref=110&tab=2,4.6,"25075 Blue Ravine Rd #150 Folsom, CA  95630",29,Californian,$30 and under,Folsom,http://www.backwinebar.com,info@backwinebar.com,(916) 986-9100,4.6 / 5,First time here and we were really pleased. Only had salads but they were fresh and well presented. Will give this place another try soon.,09/23/2012,http://www.pickgrapevine.com/wantmore5/back-wine-bar-and-bistro,back-wine-bar-and-bistro
Bamiyan - Citrus Heights,http://www.opentable.com/bamiyan-citrus-heights?scpref=110&tab=2,4.8,"7622 Greenback Ln Citrus Heights, CA  95610 ",8,Mediterranean,$30 and under,Citrus Heights,http://www.afghancuisine.com,bamiyanmail@msn.com,(916) 725-6009,4.8 / 5,"Lovely restaurant tucked away in a little strip mall, perfect service, awesome food, restful ambiance.",08/13/2012,http://www.pickgrapevine.com/wantmore5/bamiyan-citrus-heights,bamiyan-citrus-heights
Bamiyan - El Dorado Hills,http://www.opentable.com/bamiyan-el-dorado-hills?scpref=110&tab=2,4.8,"1121 White Rock Rd El Dorado Hills, CA  95762 ",5,"Global, International",$30 and under,El Dorado Hills,http://www.afghancuisine.com,www.bamiyanmail@msn.com,(916) 941-8787,4.8 / 5,"Excellent place - waited too long to make the visit. Food is delicious and great value. Service was friendly and attentive. Was a little dark when we arrived, and they cut the lights up a little so we could order. Very quiet. Will return for sure.",10/05/2012,http://www.pickgrapevine.com/wantmore5/bamiyan-el-dorado-hills,bamiyan-el-dorado-hills
Benihana - Sacramento,http://www.opentable.com/benihana-sacramento?scpref=110&tab=2,4.3,"5489 Sunrise Blvd Citrus Heights, CA  95610 ",79,Japanese,$30 and under,Citrus Heights,http://www.benihana.com/locations/sacramento-ca-sa,sacramento@benihana.com,(916) 961-2791,4.3 / 5,"Our family of nine went to celebrate two birthdays, the kids and adults have a GREAT time. Definitely on the list of great birthday dinner locations. The entertainment was good, the food great and the service was outstanding.",10/07/2012,http://www.pickgrapevine.com/wantmore5/benihana-sacramento,benihana-sacramento
Biba Restaurant,http://www.opentable.com/biba-restaurant?scpref=110&tab=2,4.6,"2801 Capitol Avenue Sacramento, CA  95816 ",209,Italian,$31 to $50,Sacramento,http://www.biba-restaurant.com,biba@biba-restaurant.com,(916) 455-2422,4.6 / 5,"this is a great place altogether, but especially the quallity of the food, it is hard to find food this good in sacramento. It's not the family friendly atmosphere of Old Spagetti Factory but they accomated our kids and their picky tastes.",10/05/2012,http://www.pickgrapevine.com/wantmore5/biba-restaurant,biba-restaurant
Bidwell Street Bistro,http://www.opentable.com/bidwell-street-bistro?scpref=110&tab=2,4.3,"1004 East Bidwell Street Folsom, CA  95630 ",121,Californian,$30 and under,Folsom,http://www.bidwellstreetbistro.com,bidwellstbistro@sbcglobal.net,(916) 984-7500,4.3 / 5,We were very disappointed in our experience at Bidwell Street Bistro. We were not allowed to use our gift card on any of the pre fixe menu items and had to order off the main menu. The wine we choose wasn't available so we were offered a much more expensive wine. We were seated in a side room of the restaurant with no ambiance at all. The food was just so so. The servers were fine. Could have had a better meal elsewhere.,10/06/2012,http://www.pickgrapevine.com/wantmore5/bidwell-street-bistro,bidwell-street-bistro
Bistro 33,http://www.opentable.com/bistro-33?scpref=110&tab=2,3.6,"226 F Street Davis, CA  95618 ",35,American,$30 and under,Davis,http://Bistro33.com,Davis@bistro33.com,(530) 756-4556,3.6 / 5,"After two visits, ""inconsistent"" is the take-away.Last week, we had an awesome meal with fantastic, attentive service.This week, except for the fact that we were sitting in the same space, everything was different - and not in a good way.The service was barely adequate - slow, inattentive.The food wasn't great either - including the salmon, which we had and loved the week before.The spinach salad was overdressed, making the leaves limp,and the dressing wasn't tasty - unlike that on the bistro gardens, which is very good.We used to come here a lot, and now maybe we remember why we stopped.But we will probably be back since it's a convenient option before Mondavi events.And the patio is a lovely setting.",10/06/2012,http://www.pickgrapevine.com/wantmore5/bistro-33,bistro-33
Black Angus Steakhouse - Citrus Heights,http://www.opentable.com/black-angus-steakhouse-citrus-heights?scpref=110&tab=2,4.2,"7925 Greenback Lane Citrus Heights, CA  95610 ",119,Steakhouse,$30 and under,Citrus Heights,http://www.blackangus.com,ba1018@blackangus.com,(916) 726-3300,4.2 / 5,Kelly was our server....she's awesome!! Very attentive & personable. Don & Chris---managers are great. They always come over to say hello & check on how our meals are! Great restaurant with great staff!!,10/05/2012,http://www.pickgrapevine.com/wantmore5/black-angus-steakhouse-citrus-heights,black-angus-steakhouse-citrus-heights
Blackbird Kitchen and Bar,http://www.opentable.com/blackbird-kitchen-and-bar?scpref=110&tab=2,3.9,"1015 9th Street Sacramento, CA  95814 ",103,Seafood,$30 and under,Sacramento,http://www.blackbird-kitchen.com,info@blackbird-kitchen.com,(916) 498-9224,3.9 / 5,The meal was very good. The cooking was unique. It was pretty expensive though so we would not go there often. I was disappointed that they did not have even one salad with lettuce. Overall it was a very pleasant experience.,10/06/2012,http://www.pickgrapevine.com/wantmore5/blackbird-kitchen-and-bar,blackbird-kitchen-and-bar
Blue Prynt,http://www.opentable.com/blue-prynt?scpref=110&tab=2,3.1,"815 11th Street Sacramento, CA  95814 ",19,American,$30 and under,Sacramento,http://www.bluepryntsacramento.com,cheflockard@bluepryntsacramento.com,(916) 492-2969,3.1 / 5,Food is always good here but the service is always slow.,07/31/2012,http://www.pickgrapevine.com/wantmore5/blue-prynt,blue-prynt
Bombay Bar & Grill,http://www.opentable.com/bombay-bar-and-grill?scpref=110&tab=2,4.6,"1315 21st Street Sacramento, CA  95811 ",5,Indian,$30 and under,Sacramento,http://BOMBAYBARANDGRILLSACRAMENTO.COM,bombaybarandgrill@gmail.com,(916) 441-7100,4.6 / 5,"Good, consistent food. Very good service. Pricy compared to most Sacramento restaurants of the same tier.",10/04/2012,http://www.pickgrapevine.com/wantmore5/bombay-bar-and-grill,bombay-bar-and-grill
Boulevard Bistro,http://www.opentable.com/boulevard-bistro?scpref=110&tab=2,4.7,"8941 Elk Grove Boulevard Elk Grove, CA  95624 ",142,Californian,$30 and under,Elk Grove,http://blvdbistro.com,boulevardbistro@frontiernet.net,(916) 685-2220,4.7 / 5,Well done; food was flavorful and service first rate. Exceeded my expectations. Visiting my daughter in Elk Grove from Philadelphia; thought about going to Sacramento for my anniversary dinner. Happy to have found you,10/05/2012,http://www.pickgrapevine.com/wantmore5/boulevard-bistro,boulevard-bistro
The Broiler Steakhouse,http://www.opentable.com/the-broiler-steakhouse?scpref=110&tab=2,4.1,"1201 K Street Suite 100 Sacramento, CA  95814",97,Steakhouse,$30 and under,Sacramento,http://thebroilersteakhouse.com,larry.thebroiler@sbcglobal.net,(916) 444-3444,4.1 / 5,"Had a great, quiet, anniversary celebration dinner.",10/07/2012,http://www.pickgrapevine.com/wantmore5/the-broiler-steakhouse,the-broiler-steakhouse
Buca di Beppo - Roseville,http://www.opentable.com/buca-di-beppo-roseville?scpref=110&tab=2,4.2,"1212 Galleria Boulevard Roseville, CA  95678 ",45,Italian,$30 and under,Roseville,http://www.bucadibeppo.com,roseville@bucadibeppo.com,(916) 771-9463,4.2 / 5,Eating at the Kitchen Table......energetic and bubbly fun!!!!!,09/29/2012,http://www.pickgrapevine.com/wantmore5/buca-di-beppo-roseville,buca-di-beppo-roseville
Buca di Beppo - Sacramento,http://www.opentable.com/buca-di-beppo-sacramento?scpref=110&tab=2,3.8,"1249 Howe Avenue Sacramento, CA  95825 ",63,Italian,$30 and under,Sacramento,http://www.bucadibeppo.com,sacramento@bucadibeppo.com,(916) 922-6673,3.8 / 5,"The food was average, about like strings.. but the prices too high. The family style serving was not my style but if you had a big group, that might work. The caprise salad lacked balsamic, and their broccoli dish was unseasoned. I wouldnt go back, I like my food a little ""higher end"" than that, especially at that price.Er had to ask for water, bread more than once and to more than one waiter since ours was way too busy.",10/05/2012,http://www.pickgrapevine.com/wantmore5/buca-di-beppo-sacramento,buca-di-beppo-sacramento
Buckhorn Steakhouse,http://www.opentable.com/buckhorn-steakhouse?scpref=110&tab=2,4.5,"2 Main St. Winters, CA  95694 ",231,Steakhouse,$30 and under,Winters,http://www.buckhornsteakhouse.com/,buckhorn@buckhornsteakhouse.com,(530) 795-4503,4.5 / 5,Buckhorn Steakhouse had the best steaks our group had ever experienced! Service was excellent. Reservation honored right on time. Very busy restaurant. Worth the hour drive!,10/06/2012,http://www.pickgrapevine.com/wantmore5/buckhorn-steakhouse,buckhorn-steakhouse
Buonarroti Ristorante - Lincoln,http://www.opentable.com/buonarroti-ristorante-lincoln?scpref=110&tab=2,4.1,"460 G Street Lincoln, CA  95648 ",42,Italian,$30 and under,Lincoln,http://www.buonarrotis.com,kalcantaro@gmail.com,(916) 645-7951,4.1 / 5,"Service was adequate, food wasnt as good, but not gourmet. I enjoyed my Veal Marsala, my wifes chicken picatta was either microwaved or something, it was served lukewarm. She was disappointed for sure. we enjoyed the Bruscheta, the bread was excellent. We were looking for an upper scale eatery, this was more like a family spot for Spaghetti and Pizza. I wouldnt say dont try this place, but i wasnt overly satisfied. I may give them another try when we come back to town to go to the THUNDER VALLEY CASINO. (they did say happy birthday to my wife when we arrived, that was a nice touch)",10/06/2012,http://www.pickgrapevine.com/wantmore5/buonarroti-ristorante-lincoln,buonarroti-ristorante-lincoln
C.R. Gibbs American Grille,http://www.opentable.com/cr-gibbs-american-grille?scpref=110&tab=2,4.6,"2300 Hilltop Drive Redding, CA  96002 ",7,American,$30 and under,Redding,http://www.crgibbs.com,www.denita@thehilltopinn.com,(530) 221-2335,4.6 / 5,"What a wonderful dinner! Very nice menu selection, and the meals we had all tasted delicious. Probably the best chicken taco soup ever, and the filet mignot as well as the desserts were outstanding!",08/12/2012,http://www.pickgrapevine.com/wantmore5/cr-gibbs-american-grille,cr-gibbs-american-grille
Cafe Mahjaic - Lotus Inn,http://www.opentable.com/cafe-mahjaic-lotus-inn?scpref=110&tab=2,4.3,"1006 Lotus Road Lotus, CA  95651 ",41,American,$30 and under,Placerville,http://www.cafemahjaic.com/,foodwithlove@cafemahjaic.com,(530) 622-9587,4.3 / 5,"Great setting with a warm and casual feeling, yet worthy of dressing up for a special occasion. Its been my second visit and not at all disappointed with the high quality of the food. Off the beaten path, but well worth the travel. Great selection of wine. A SF/Napa quality restaurant right here in the foothills.",09/29/2012,http://www.pickgrapevine.com/wantmore5/cafe-mahjaic-lotus-inn,cafe-mahjaic-lotus-inn
Cafeteria 15L,http://www.opentable.com/cafeteria-15l?scpref=110&tab=2,4.2,"1116 15th St Sacramento, CA  95814 ",142,Comfort Food,$30 and under,Sacramento,http://www.Cafeteria15L.com,Reservations@Cafeteria15L.com,(916) 492-1960,4.2 / 5,"Pretty good food, decent prices, great service, cool upscale city vibe and awesome looking outside area",10/06/2012,http://www.pickgrapevine.com/wantmore5/cafeteria-15l,cafeteria-15l
Capitol Garage,http://www.opentable.com/capitol-garage?scpref=110&tab=2,3.8,"1500 K Street Sacramento, CA  95814 ",65,Fusion / Eclectic,$30 and under,Sacramento,http://capitolgarage.com,capitolgarage@sbcglobal.net,(916) 444-3633,3.8 / 5,"The food was terrific as always but the service was horrible. We had reservations and requested an outdoor table, when we got there we were told a table outside was not available even though there was an empty table outside. We were sat immediately but the server did not come to our table or even acknowledge our presence for more than twenty minutes. We ordered when she finally came to our table and had bottomless mimosas along with our food. Our drinks were empty every time before we had a refill and on top of that we had to request more in order to get them refilled.",10/07/2012,http://www.pickgrapevine.com/wantmore5/capitol-garage,capitol-garage
Carpe Vino (21+ Establishment),http://www.opentable.com/carpe-vino-21-and-establishment?scpref=110&tab=2,4.7,"1568 Lincoln Way Auburn, CA  95603 ",90,Contemporary American,$30 and under,Auburn,http://www.carpevinoauburn.com,info@carpevinoauburn.com,(530) 823-0320,4.7 / 5,My wife call it 'Oh My God' food and service.It is an awesome experience for any food and wine lover.Their wine club is second to none and wines are veryreasonably priced for the high quality you recieve. The winelist is huge and everyone knows their stuff and can pair winesbeautifully. It is a must for those who enjoy impeccableservice and true gourmet food.,10/05/2012,http://www.pickgrapevine.com/wantmore5/carpe-vino-21-and-establishment,carpe-vino-21-and-establishment
The Chef's Table (Rocklin),http://www.opentable.com/the-chefs-table-rocklin?scpref=110&tab=2,4.2,"6843 Lonetree Blvd #103 Rocklin, CA  95765 ",87,Contemporary American,$30 and under,Rocklin,http://www.chefdavidstable.com,info@chefdavidstable.com,(916) 771-5656,4.2 / 5,"It was an explosion of flavor in my mouth that night! The pesto fries, taco, fried chicken with bacon gravy, and bacon brownie were awesome!!!",09/28/2012,http://www.pickgrapevine.com/wantmore5/the-chefs-table-rocklin,the-chefs-table-rocklin
Chops,http://www.opentable.com/chops-sacramento?scpref=110&tab=2,3.9,"1117 11th Street Sacramento, CA  95814 ",47,Steak,$31 to $50,Sacramento,http://www.chopssacramento.com,"",(916) 447-8900,3.9 / 5,"Pretty good food, but you can hear everyone inside. If you want a quiet experience it is not for you. Very slow on Sundays, which means less staff and slower (but friendly) service. Also the music in there was terrible--- spa/retreat/weird! Even with the 3 tables inside carrying through the restaurant the music was noticeable and each person in my party commented on it! The carrots and potatoes were awesome and everyone enjoyed their entree.",10/07/2012,http://www.pickgrapevine.com/wantmore5/chops-sacramento,chops-sacramento
Christian Michael's Ristorante,http://www.opentable.com/christian-michaels-ristorante?scpref=110&tab=2,4.1,"192 E. Third Street Chico, CA  95928 ",26,Mediterranean,$30 and under,Chico,http://chicochristianmichaels.com,cmrestaurants@sbcglobal.net,(530) 894-4005,4.1 / 5,Great menu for everyone at a reasonable price,10/06/2012,http://www.pickgrapevine.com/wantmore5/christian-michaels-ristorante,christian-michaels-ristorante
Crush - Chico,http://www.opentable.com/crush-chico?scpref=110&tab=2,4.3,"201 Broadway Chico, CA  95926 ",64,Italian,$30 and under,Chico,http://www.chicocrush.com/,chicocrush@gmail.com,(530) 342-7000,4.3 / 5,The service was fantastic. The food took a while to get to our table. We did not mind at all as we were enjoying our conversation and wine. We were celebrating a birthday so we were given our desert on the house which I thought was very nice.,10/07/2012,http://www.pickgrapevine.com/wantmore5/crush-chico,crush-chico
Crush 29,http://www.opentable.com/crush-29?scpref=110&tab=2,3.9,"1480 Eureka Road Roseville, CA  95661 ",122,Californian,$30 and under,Roseville,http://crush29.com,roseville@crush29.com,(916) 773-2929,3.9 / 5,"Took my wife here for date night and the food was excellent, wine list was very good with good suggestions from our waitress. Would strongly recommend Crush 29 to friends and will return.",09/08/2012,http://www.pickgrapevine.com/wantmore5/crush-29,crush-29
Dawson's - Hyatt Regency Sacramento,http://www.opentable.com/dawsons-hyatt-regency-sacramento?scpref=110&tab=2,4.5,"1209 L Street Sacramento, CA  95814 ",22,Steakhouse,$31 to $50,Sacramento,http://sacramento.hyatt.com/hyatt/hotels-sacramento/entertainment/dining_detail.jsp?itemDesc=fboutlet&itemId=1003110,"",(916) 443-1234,4.5 / 5,What a pleasure. Truly a fine dining experience. Service superb. We will be back !,10/04/2012,http://www.pickgrapevine.com/wantmore5/dawsons-hyatt-regency-sacramento,dawsons-hyatt-regency-sacramento
de Vere's Irish Pub - Davis,http://www.opentable.com/de-veres-irish-pub-davis?scpref=110&tab=2,4.2,"217 E Street Davis, CA  95616 ",23,Gastro Pub,$30 and under,Davis,http://www.deverespub.com,davis@deverespub.com,(530) 204-5533,4.2 / 5,"de Vere's is a great addition to Davis' restaurant scene. The burgers and the Reubens are terrific, the home made ""crisps"" are so good it's hard to stop eating them and the shepherd's pie unusually tasty. Interesting and unique decor and genuine pub feel. A keeper!",09/04/2012,http://www.pickgrapevine.com/wantmore5/de-veres-irish-pub-davis,de-veres-irish-pub-davis
Delta King - Pilothouse Restaurant,http://www.opentable.com/delta-king-pilothouse-restaurant?scpref=110&tab=2,4.2,"1000 Front Street Sacramento, CA  95814 ",100,Californian,$30 and under,Sacramento,http://www.deltaking.com,"",(916) 441-4440,4.2 / 5,"Made a 7:30 reservation for a Friday evening. Requested a ""river view table for quiet conversation"". We were seated upon arrival, overlooking the Sacramento River. See-through shading made it possible to avoid being blinded by the setting sun, while enjoying the view. Staff lifted the shades as soon as the sun dipped below window level. Very enjoyable evening at a reasonable cost. Staff was attentive and helpful, without being intrusive.",06/22/2012,http://www.pickgrapevine.com/wantmore5/delta-king-pilothouse-restaurant,delta-king-pilothouse-restaurant
Ella Dining Room and Bar,http://www.opentable.com/ella-dining-room-and-bar?scpref=110&tab=2,4.3,"1131 K Street Sacramento, CA  95814 ",336,Contemporary American,$31 to $50,Sacramento,http://www.elladiningroomandbar.com,info@elladiningroomandbar.com,(916) 443-3772,4.3 / 5,everything was great...good food and ambiance,10/05/2012,http://www.pickgrapevine.com/wantmore5/ella-dining-room-and-bar,ella-dining-room-and-bar
Enotria Restaurant,http://www.opentable.com/enotria-restaurant?scpref=110&tab=2,4.7,"1431 Del Paso Blvd. Sacramento, CA  95815 ",56,Contemporary American,$31 to $50,Sacramento,http://www.enotria.com/,michael@enotria.com,(916) 922-6792,4.7 / 5,"This ""rebooting"" of Enotria (October, 2012) is impressive. A great deal of care seems to be devoted to the preparation and the presentations. Salads and entrees were delicious. Service was attentive and meticulous. We plan to go there again soon and show it to friends. Encore!!",10/04/2012,http://www.pickgrapevine.com/wantmore5/enotria-restaurant,enotria-restaurant
Esquire Grill,http://www.opentable.com/esquire-grill?scpref=110&tab=2,4.0,"1213 K St. Sacramento, CA  95814 ",85,American,$30 and under,Sacramento,http://www.esquiregrill.com,esq@paragarys.com,(916) 448-8900,4 / 5,I had an excellent steak sandwich.,10/08/2012,http://www.pickgrapevine.com/wantmore5/esquire-grill,esquire-grill
Firebird Russian Restaurant,http://www.opentable.com/firebird-russian-restaurant?scpref=110&tab=2,4.2,"4715 Manzanita Avenue Carmichael, CA  95608 ",5,Russian,$30 and under,Carmichael,http://www.firebirdrussianrestaurant.com/,contact@firebirdrussianrestaurant.com,(916) 485-7747,4.2 / 5,"Set in a neighborhood strip mall, Firebird serves authentic Russian food. The borscht was excellent as were the entrees -- a chicken stuffed ravioli and chicken.",10/02/2012,http://www.pickgrapevine.com/wantmore5/firebird-russian-restaurant,firebird-russian-restaurant
The Firehouse Restaurant,http://www.opentable.com/the-firehouse-restaurant?scpref=110&tab=2,4.7,"1112 Second St Sacramento, CA  95814 ",212,Californian,$31 to $50,Sacramento,http://www.firehouseoldsac.com,info@firehouseoldsac.com,(916) 442-4772,4.7 / 5,Great dinner and late-we ate at 9:15 PMComfortable atmosphere and excellent service,10/06/2012,http://www.pickgrapevine.com/wantmore5/the-firehouse-restaurant,the-firehouse-restaurant
Formaggio Taverna & Patio - Sacramento Marriott Rancho Cordova,http://www.opentable.com/formaggio-taverna-and-patio-sacramento-marriott-rancho-cordova?scpref=110&tab=2,3.5,"11211 Point East Drive Rancho Cordova, CA  95742 ",11,Italian,$30 and under,Rancho Cordova,http://www.formaggiorestaurant.com,adam.miller@marriottranchocordova.com,(916) 267-6755,3.5 / 5,excellent Prime Rib Special,08/10/2012,http://www.pickgrapevine.com/wantmore5/formaggio-taverna-and-patio-sacramento-marriott-rancho-cordova,formaggio-taverna-and-patio-sacramento-marriott-rancho-cordova
Frank Fat's,http://www.opentable.com/frank-fats?scpref=110&tab=2,4.5,"806 L Street Sacramento, CA  95814 ",52,Chinese,$31 to $50,Sacramento,http://fatsrestaurants.com/Frank.html,frankfats@fatsrestaurants.com,(916) 442-7092,4.5 / 5,The quality and taste of the food continues to be excellent. This is a historic spot in downtown Sacramento and is always a great choice for a special evening with friends.,10/03/2012,http://www.pickgrapevine.com/wantmore5/frank-fats,frank-fats
Freeport Bar & Grill,http://www.opentable.com/freeport-bar-and-grill?scpref=110&tab=2,4.1,"8259 Freeport Blvd Sacramento, CA  95832 ",10,Burgers,$30 and under,Sacramento,http://www.freeportbarandgrill.com,nicolefinley5@yahoo.com,(916) 665-1169,4.1 / 5,"Celebrated Dad's 79th birthday with family and friends in the bar and for dinner. Other customers joined in to wish Dad a Happy BDay. The rib eye steaks ordered were prepared just as requested. This is a go-to place close to Elk Grove, convenient parking and always great service.",10/01/2012,http://www.pickgrapevine.com/wantmore5/freeport-bar-and-grill,freeport-bar-and-grill
Girasole Pizza,http://www.opentable.com/girasole-pizza?scpref=110&tab=2,4.0,"2700 E. Bidwell Street Suite 500 Folsom, CA  95630",2,Pizzeria,$30 and under,Folsom,http://girasole-pizza.com,"",(916) 984-7179,4 / 5,Delicious not-your-usual pizzas. Gave us a slice of their Olive Oil cake for dessert since it was out first time in. Open for breakfast soon with a coffee bar and pastries.,08/17/2012,http://www.pickgrapevine.com/wantmore5/girasole-pizza,girasole-pizza
Grange,http://www.opentable.com/grange-sacramento?scpref=110&tab=2,4.3,"926 J Street Sacramento, CA  95814 ",190,Californian,$30 and under,Sacramento,http://www.grangesacramento.com,grange@jdvhotels.com,(916) 492-4450,4.3 / 5,"The food is always very fresh and the menu changes with the season and what is in season. The service is fantastic. I go there for lunch 1-2 times a month and can always get in and out without a reservation within my hour allotment. My husband and I meet there because of the food, but also the staff. It's a great place to watch people walk by, if you like to people watch. I highly recommend the daily spritzers! I always get them!",10/05/2012,http://www.pickgrapevine.com/wantmore5/grange-sacramento,grange-sacramento
Hawks,http://www.opentable.com/hawks?scpref=110&tab=2,4.7,"5530 Douglas Blvd Suite #110 Granite Bay, CA  95746",234,Californian,$31 to $50,Granite Bay,http://www.hawksrestaurant.com,info@hawksrestaurant.com,(916) 791-6200,4.7 / 5,"We came to celebrate my husband's birthday. He broght me here in December for my birthday. I thin it will become öur""special occasion place to dine. The food has just the right portion size and the wiat staff is attentive but not intrusive. We have truly enjoyed our meals at Hawks. Carolyn Amador",10/06/2012,http://www.pickgrapevine.com/wantmore5/hawks,hawks
Henry's - Red Hawk Casino,http://www.opentable.com/henrys-red-hawk-casino?scpref=110&tab=2,4.5,"1 Red Hawk Parkway Placerville, CA  95667 ",49,Steakhouse,$31 to $50,Placerville,http://redhawkcasino.com,jdiver@redhawkcasino.com,(888) 473-4295,4.5 / 5,"Excellent service, food, atmosphereWill be back to dine there again",09/29/2012,http://www.pickgrapevine.com/wantmore5/henrys-red-hawk-casino,henrys-red-hawk-casino
High Steaks - Thunder Valley Casino Resort,http://www.opentable.com/high-steaks-thunder-valley-casino-resort?scpref=110&tab=2,4.4,"1200 Athens Avenue Lincoln, CA  95648 ",106,Steakhouse,$31 to $50,Lincoln,http://www.thundervalleyresort.com/Dining/High-Steaks,highsteaks@thundervalleyresort.com,(916) 408-8327,4.4 / 5,"Not knowing the area, I was leery about selecting this restaurant for a special occasion. We were not disappointed. A family event, a party of 7, with 3 birthdays & 1 anniversary. Guests ranged from 40s to 80s; everyone was happy. One guest had a special diet and he had no trouble selecting from the menu; they even adjusted the dish if needed. When we asked if we could split/share items, they did an excellent job of serving the item already split. The sides can be shared family style. Excellent chef, fantastic presentation, food to die for, with a staff that was attentive to all our needs. We received divine desserts for the special occasions. We will definitely go back!",10/06/2012,http://www.pickgrapevine.com/wantmore5/high-steaks-thunder-valley-casino-resort,high-steaks-thunder-valley-casino-resort
Il Fornaio - Roseville,http://www.opentable.com/il-fornaio-roseville?scpref=110&tab=2,4.3,"1179 Galleria Boulevard Roseville, CA  95678 ",132,Italian,$30 and under,Roseville,http://www.ilfornaio.com,Roseville@ilfo.com,(916) 788-1200,4.3 / 5,Dinner was special as this was a birthday celebration. Food and service were excellent,10/05/2012,http://www.pickgrapevine.com/wantmore5/il-fornaio-roseville,il-fornaio-roseville
Il Fornaio - Sacramento,http://www.opentable.com/il-fornaio-sacramento?scpref=110&tab=2,4.3,"400 Capitol Mall Sacramento, CA  95814 ",164,Italian,$30 and under,Sacramento,http://www.ilfornaio.com,IFSacramento@ilfo.com,(916) 446-4100,4.3 / 5,I always enjoy dining at Il Fornaio since the service is generally very good and the food quality ranges from good to excellent. I find it convenient to dine here since it is easy to access and provides validated parking in the Wells Fargo bank parking structure.,10/06/2012,http://www.pickgrapevine.com/wantmore5/il-fornaio-sacramento,il-fornaio-sacramento
The Kitchen Restaurant,http://www.opentable.com/the-kitchen-restaurant?scpref=110&tab=2,4.6,"2225 Hurley Way Sacramento, CA  95825 ",40,Contemporary American,$50 and over,Sacramento,http://www.thekitchenrestaurant.com,info@thekitchenrestaurant.com,(916) 568-7171,4.6 / 5,"Overall , very entertaining , would prefer larger portions verses asking for more. Service excellent , will be back. :).",09/28/2012,http://www.pickgrapevine.com/wantmore5/the-kitchen-restaurant,the-kitchen-restaurant
Kupros Bistro,http://www.opentable.com/kupros-bistro?scpref=110&tab=2,3.7,"1217 21st St. Sacramento, CA  95811 ",18,Contemporary American,$30 and under,Sacramento,http://www.kuprosbistro.com,info@kuprosbistro.com,(916) 440-0401,3.7 / 5,"It's basically a drinking and meeting place for young singles, loud, raucous, etc. The young people seemed to be having a good time. So, it is what it is. Note, the young ones appeared to be drinking only, not eating. You don't go for the food.",10/04/2012,http://www.pickgrapevine.com/wantmore5/kupros-bistro,kupros-bistro
La Boheme (Fair Oaks),http://www.opentable.com/la-boheme-fair-oaks?scpref=110&tab=2,4.1,"9634 Fair Oaks Boulevard Fair Oaks, CA  95628 ",24,French,$30 and under,Fair Oaks,http://www.labohemefairoaks.com,labohemefairoaks@gmail.com,(916) 965-1071,4.1 / 5,We were looking for a special restaurant to celebrate our grandson's 18th birthday. He had never had French food. La Boheme fulfilled all expectations! The special items of the night -- kangaroo and elk as well as the standard appetizer of escargot made for a memorable birthday. The house wine was very good as well.,10/06/2012,http://www.pickgrapevine.com/wantmore5/la-boheme-fair-oaks,la-boheme-fair-oaks
La Provence,http://www.opentable.com/la-provence-roseville?scpref=110&tab=2,4.1,"110 Diamond Creek Place Roseville, CA  95747 ",162,French,$30 and under,Roseville,http://www.laprovenceroseville.com,"",(916) 789-2002,4.1 / 5,"Compliments to the Chef, I ordered the ""Vegetarian Lasagna"" with goat cheese (instead of the Mozzarella).......The Best Vegetarian Lasagna I have ever had! This was the best restaurant we could have chosen to Celebrate our 29th wedding Anniversary! This will definitely be our go to restaurant.",10/09/2012,http://www.pickgrapevine.com/wantmore5/la-provence-roseville,la-provence-roseville
Land Ocean New American Grill,http://www.opentable.com/land-ocean-new-american-grill?scpref=110&tab=2,4.3,"2720 East Bidwell Street Folsom, CA  95630 ",91,Contemporary American,$30 and under,Folsom,http://www.landoceanrestaurants.com,info@LORestaurants.com,(916) 983-7000,4.3 / 5,"Terrific brunch menu. Service was very good, and the ambience was very pleasant.",10/07/2012,http://www.pickgrapevine.com/wantmore5/land-ocean-new-american-grill,land-ocean-new-american-grill
Malabar American Cooking,http://www.opentable.com/malabar-american-cooking?scpref=110&tab=2,4.1,"2960 Del Paso Rd Sacramento, CA  95834 ",25,American,$30 and under,Sacramento,http://www.malabaramericancooking.com,info@malabaramericancooking.com,(916) 574-9074,4.1 / 5,Very flexible with making changes to reservations. Surprised at how easy it was to change the number in our group at the last minute. Very accommodating.,09/21/2012,http://www.pickgrapevine.com/wantmore5/malabar-american-cooking,malabar-american-cooking
Mamma Susanna's - Sacramento,http://www.opentable.com/mamma-susannas-sacramento?scpref=110&tab=2,4.5,"5487 Carlson Dr Sacramento, CA  95819 ",36,Italian,$30 and under,Sacramento,http://www.mammasusannas.com,mamma.sue@hotmail.com,(916) 452-7465,4.5 / 5,I have never had better Italian food at a restruant. We always take friends there for special occasions,10/06/2012,http://www.pickgrapevine.com/wantmore5/mamma-susannas-sacramento,mamma-susannas-sacramento
Maria's Cantina,http://www.opentable.com/marias-cantina?scpref=110&tab=2,4.0,"306 6th Street Woodland, CA  95695 ",8,Mexican,$30 and under,Woodland,http://www.marias-cantina.com,maria@marias-cantina.com,(530) 402-1540,4 / 5,We enjoyed it very much. Wooden chairs could be more comfortable.,10/08/2012,http://www.pickgrapevine.com/wantmore5/marias-cantina,marias-cantina
McCormick & Schmick's Seafood - Roseville - The Fountains,http://www.opentable.com/mccormick-and-schmicks-seafood-roseville?scpref=110&tab=2,4.0,"1194 Roseville Parkway Roseville, CA  95678 ",152,Seafood,$30 and under,Roseville,http://www.mccormickandschmicks.com,msrv@ldry.com,(916) 960-4875,4 / 5,"Loved the food, but we thought it was a little loud in the bar area. We also thought it was quite pricey. The wine was good, but received only 4oz. Should have been 6.",10/06/2012,http://www.pickgrapevine.com/wantmore5/mccormick-and-schmicks-seafood-roseville,mccormick-and-schmicks-seafood-roseville
McCormick & Schmick's Seafood - Sacramento,http://www.opentable.com/mccormick-and-schmicks-seafood-sacramento?scpref=110&tab=2,3.6,"1111 J Street Sacramento, CA  95814 ",115,Seafood,$30 and under,Sacramento,http://www.McCormickandSchmicks.com,mssc@ldry.com,(916) 442-8200,3.6 / 5,"Very slow service 2+ hrs, and was not a busy night, no bread til halfway through meal.very salty lobster bisque. For 2 people spending $160 it should have been a great meal.",10/02/2012,http://www.pickgrapevine.com/wantmore5/mccormick-and-schmicks-seafood-sacramento,mccormick-and-schmicks-seafood-sacramento
Monkey Cat,http://www.opentable.com/monkey-cat?scpref=110&tab=2,4.0,"805 Lincoln Way Auburn, CA  95603 ",62,Contemporary American,$30 and under,Auburn,http://monkeycat.com,jim@monkeycat.com,(530) 888-8492,4 / 5,My computer has been hacked... I did NOT make the Monkey Cat reservationIt was NOT authorized by me.John French530-268-0985,09/23/2012,http://www.pickgrapevine.com/wantmore5/monkey-cat,monkey-cat
Morgan's Restaurant - Sheraton Grand Sacramento,http://www.opentable.com/morgans-restaurant-sheraton-grand-sacramento?scpref=110&tab=2,4.0,"1230 J Street Sacramento, CA  95814 ",33,Californian,$30 and under,Sacramento,http://www.morgans-restaurant.com,"",(916) 341-4100,4 / 5,"I visited Sacramento to attend the American Medical Writer's Association conference. I stayed in the Sacramento Grand Hotel for 2 nights. I ate at Morgan's as a party of one. After I was seated, I waited 10 minutes and was not attended to. I ended up asking the hostess who seated me if I could go ahead and eat at the buffet since no one had taken my drink order. She apologized and said OK. I had not intended to eat from the buffet, but because no one had come by, it was the quickest option. The food was decent. After another few minutes, someone took my drink order, and then came by only once more to check on me. I was there almost an hour. I know it was a busy time, but I did not like the service. I was overlooked.",10/05/2012,http://www.pickgrapevine.com/wantmore5/morgans-restaurant-sheraton-grand-sacramento,morgans-restaurant-sheraton-grand-sacramento
Morton's The Steakhouse - Sacramento,http://www.opentable.com/mortons-the-steakhouse-sacramento?scpref=110&tab=2,4.5,"621 Capitol Mall Sacramento, CA  95814 ",109,Steak,$50 and over,Sacramento,http://www.mortons.com,cm.msc@mortons.com,(916) 442-5091,4.5 / 5,"The Ambiance rating of Fair comes from the fact that there was a family of 4. Mom, Dad, 3 year old boy and 5 year old boy. Both of whom acted up a little here and there. On top of that, mom and dad rolled in with a stroller and were dressed for In and Out Burger instead of a fine dining establishment. Not Morton's fault I suppose but I have been to Morton's twice and both times had this situation. Although, the first time was more acceptable. The point is that when spending the amount of money required for fine dining you don't expect to have sloppily dressed folks with squalking kids at the table next to you.",10/02/2012,http://www.pickgrapevine.com/wantmore5/mortons-the-steakhouse-sacramento,mortons-the-steakhouse-sacramento
Mulvaney's B&L,http://www.opentable.com/mulvaneys-b-and-l?scpref=110&tab=2,4.6,"1215 19th Street Sacramento, CA  95811 ",138,American,$31 to $50,Sacramento,http://www.mulvaneysbl.com,info@culinaryspecialists.com,(916) 441-6022,4.6 / 5,"Mulvaney's B & L is top notch with both high quality food and a high class staff! I booked a reservation for my wife and I's 8 year wedding anniversary on open table, I made a note that it was our anniversary, they put flowers on the table, printed special menus with happy anniversary and I think every member of the staff said happy anniversary to us while we were there. The food competes with ""ruths chris"", ""scotts seafood"" and any other high caliber restaurant. This place is excellent. One thing to note if you have not been here before, it was difficult to find because there is not an obvious ""Mulvaneys"" sign out front. Loved it and I will definitely be back.",10/09/2012,http://www.pickgrapevine.com/wantmore5/mulvaneys-b-and-l,mulvaneys-b-and-l
The Mustard Seed,http://www.opentable.com/the-mustard-seed?scpref=110&tab=2,4.4,"222 D Street Davis, CA  95616 ",108,Californian,$30 and under,Davis,http://www.mustardseeddavis.com,tmsrestaurant@sbcglobal.net,(530) 758-5750,4.4 / 5,"Food was marginal at best. WE expected much higher qulaity for the ambience and the price. The setting is great, the service is good, but the food let us down.",10/06/2012,http://www.pickgrapevine.com/wantmore5/the-mustard-seed,the-mustard-seed
Osteria Fasulo,http://www.opentable.com/osteria-fasulo?scpref=110&tab=2,4.4,"2657 Portage Bay East #8 Davis, CA  95616 ",54,Italian,$31 to $50,Davis,http://osteriafasulo.com,osteriafasulo@sbcglobal.net,(530) 758-1324,4.4 / 5,"I have been coming here frequently of late. As I have indicated before this is a first class dining experience with very authentic Italian food. The owner, Leonardo Fasulo is very personable and committed to a quality expetience. The food is always fresh and the pasta and all the food is homemade.",10/09/2012,http://www.pickgrapevine.com/wantmore5/osteria-fasulo,osteria-fasulo
Paul Martin's American Bistro,http://www.opentable.com/paul-martins-american-bistro-roseville?scpref=110&tab=2,4.3,"1455 Eureka Rd.  Suite 100 Roseville, CA  95661 ",257,American,$30 and under,Roseville,http://www.paulmartinsamericanbistro.com,roseville@paulmartinsamericanbistro.com,(916) 783-3600,4.3 / 5,"Food was very good, using locally sourced, organic ingredients. I really enjoyed the roasted corn and quinoa soup. It was delicious. My companion had the prawns and said they were delicious, as well. We sat outside and our table happen to be located under the speakers. The music was a bit too loud for comfortable conversation. When I eat there again, I will be sure to sit further away from the speakers. Our server was polite, well-informed, and engaging, but she was slower to serve each part of the meal and deliver the check. Overall, however, our experience was very good and I will definately return.",10/06/2012,http://www.pickgrapevine.com/wantmore5/paul-martins-american-bistro-roseville,paul-martins-american-bistro-roseville
Piatti - Sacramento,http://www.opentable.com/piatti-sacramento?scpref=110&tab=2,3.8,"571 Pavilions Lane Sacramento, CA  95825 ",32,Italian,$30 and under,Sacramento,http://www.piatti.com,tpatterson@piatti.com,(916) 649-8885,3.8 / 5,Our server was delightful--Food was good but not outstanding,07/24/2012,http://www.pickgrapevine.com/wantmore5/piatti-sacramento,piatti-sacramento
Plan B Restaurant,http://www.opentable.com/plan-b-restaurant?scpref=110&tab=2,4.6,"555 La Sierra Drive Sacramento, CA  95864 ",62,French,$30 and under,Sacramento,http://www.planbrestaurant.com,lucas@planbrestaurant.com,(916) 483-3000,4.6 / 5,"Don't let appearances fool you. Yes, this restaurant is in a strip mall. Once you step inside you will feel like you are in a downtown restaurant. The difference is the owner/chef will greet you at your table and recommend menu items, describe their French beers on tap and deliver samples from the kitchen. Love a restaurant where every special sounds amazing. You will experience an amazing rack of lamb that is cooked perfectly and wishing you found this place sooner. Loved the timing of the meal--didn't feel rushed and didn't want to leave. So much so you will order dessert and will gladly wait the 8 minutes for the molten chocolate cake. All the staff were friendly and personable. Will be making another trip back soon.",10/02/2012,http://www.pickgrapevine.com/wantmore5/plan-b-restaurant,plan-b-restaurant
Pocket Bistro,http://www.opentable.com/pocket-bistro?scpref=110&tab=2,4.2,"6401 Riverside Blvd Sacramento, CA  95831 ",20,Contemporary American,$30 and under,Sacramento,http://pocketbistro.net,jade@pocketbistro.net,(916) 391-7990,4.2 / 5,"The owner was very accommodating. I made my reservations thru Open Table for 3:45 p.m., the earliest time available. However, when I arrived at the restaurant, I was told it did not start serving dinner until 4:30--an issue to be resolved by Open Table. The owner suggested that I order an appetizer first and my entree later since the kitchen was not quite prepared. I ended up ordering three appetizers and the excellent Bistro salad.",09/14/2012,http://www.pickgrapevine.com/wantmore5/pocket-bistro,pocket-bistro
The Porch Restaurant & Bar - Sacramento,http://www.opentable.com/the-porch-restaurant-and-bar-sacramento?scpref=110&tab=2,4.1,"1815 K Street Sacramento, CA  95811 ",164,Southern,$30 and under,Sacramento,http://www.theporchsacramento.com,theporchsacramento@sbcglobal.net,(916) 444-2423,4.1 / 5,This place was recommended by a friend who has very similar taste to mine.I really wanted to give this place a thumbs up review.,10/06/2012,http://www.pickgrapevine.com/wantmore5/the-porch-restaurant-and-bar-sacramento,the-porch-restaurant-and-bar-sacramento
Ravenous Cafe,http://www.opentable.com/ravenous-cafe?scpref=110&tab=2,4.7,"7600 Greenhaven Drive Sacramento, CA  95831 ",24,European,$30 and under,Sacramento,http://www.ravenouscafe.com,wade@ravenouscafe.com,(916) 399-9309,4.7 / 5,"This is a great restaurant and a best-kept secret, because it is the Pocket area of Sacramento. This place rivals many downtown Sacramento eating establishments in quality, service, etc. I will recommend it to many.",09/27/2012,http://www.pickgrapevine.com/wantmore5/ravenous-cafe,ravenous-cafe
Red Lantern – Thunder Valley Casino Resort,http://www.opentable.com/red-lantern-lincoln?scpref=110&tab=2,3.9,"1200 Athens Avenue Lincoln, CA  95648 ",28,Chinese,$30 and under,Lincoln,"","",(916) 408-8326,3.9 / 5,I felt food was not as good as my last visit. First time to have lettuce wrap...the lettuce pieces were so SMALL we could barely get meat on it. we ended up eating with our fork. I love crispy fried flounder but felt it was overcooked. The remaining dishes were average.,10/06/2012,http://www.pickgrapevine.com/wantmore5/red-lantern-lincoln,red-lantern-lincoln
Restaurant Thir13en,http://www.opentable.com/restaurant-thir13en?scpref=110&tab=2,4.0,"1300 H Street Sacramento, CA  95814 ",91,Contemporary American,$30 and under,Sacramento,http://www.thir13en.com,chef@thir13en.com,(916) 594-7669,4 / 5,"I dine out quite a bit, and I can tell you that this experience will quickly be forgotten. The place has potential, but 3 of the four dishes that we tried were mediocre. The only one living up to it's potential was the burger. We were the only table in the restaurant at 9pm on a Friday night, and service was a bit on the slow side.",10/05/2012,http://www.pickgrapevine.com/wantmore5/restaurant-thir13en,restaurant-thir13en
Rudy's Hideaway,http://www.opentable.com/rudys-hideaway?scpref=110&tab=2,4.4,"12303 Folsom Boulevard Rancho Cordova, CA  95742 ",142,Seafood,$30 and under,Rancho Cordova,http://www.rudyshideaway.com,rudyshideway@aol.com,(916) 351-0606,4.4 / 5,Went for my birthday party with special family and friends again Rudy's hideaway did not let me down food was excellent service was great everybody was happy and helpful thanks,10/06/2012,http://www.pickgrapevine.com/wantmore5/rudys-hideaway,rudys-hideaway
Ruth's Chris Steak House - Roseville,http://www.opentable.com/ruths-chris-steak-house-roseville?scpref=110&tab=2,4.7,"1185 Galleria Blvd., Suite P-120 Westfield Galleria at Roseville Roseville, CA  95678",50,Steak,$31 to $50,Roseville,http://www.ruthschris.com/Steak-House/4998/Roseville,roseville@ruthschris.com,(916) 780-6910,4.7 / 5,"Took my wife here for our second anniversary. They put rose petals on the table and wrote ""Happy Anniversary"" on the dessert. Service and food were both wonderful. We can't wait to go back.",10/03/2012,http://www.pickgrapevine.com/wantmore5/ruths-chris-steak-house-roseville,ruths-chris-steak-house-roseville
Ruth's Chris Steak House - Sacramento,http://www.opentable.com/ruths-chris-steak-house-sacramento?scpref=110&tab=2,4.6,"501 Pavilions Lane Sacramento, CA  95825 ",49,Steak,$31 to $50,Sacramento,http://www.ruthschris.com/Steak-House/5416/Sacramento,sacramento@ruthschris.com,(916) 286-2702,4.6 / 5,We just love Ruth's Chris Steak House. We can't figure out why we didn't discover this gem sooner!! The filet is divine and we love the new Classics Menu!,10/04/2012,http://www.pickgrapevine.com/wantmore5/ruths-chris-steak-house-sacramento,ruths-chris-steak-house-sacramento
Sapporo Grill,http://www.opentable.com/sapporo-grill?scpref=110&tab=2,3.3,"1118 16th Street Sacramento, CA  95814 ",7,Japanese,$31 to $50,Sacramento,http://sapporogrill.com,sapporogrill@yahoo.com,(916) 448-1818,3.3 / 5,"Good quality sushi and great service, exactly what we were looking for to celebrate our anniversary!",07/31/2012,http://www.pickgrapevine.com/wantmore5/sapporo-grill,sapporo-grill
Scott's Seafood Grill & Bar - Folsom,http://www.opentable.com/scotts-seafood-grill-and-bar-folsom?scpref=110&tab=2,4.3,"9611 Greenback Lane Folsom, CA  95630 ",79,Seafood,$30 and under,Folsom,http://scottsseafood.net,folsom@scottsseafood.net,(916) 989-6711,4.3 / 5,"I've been going to Scott's Folsom for years. Consistently great seafood and service. Wine selection is good and the prices are reasonable. Also, the wine comes to the table chilled (56 - 60 degrees); not off of some room-temperature storage shelf.",10/05/2012,http://www.pickgrapevine.com/wantmore5/scotts-seafood-grill-and-bar-folsom,scotts-seafood-grill-and-bar-folsom
Scott's Seafood on the River,http://www.opentable.com/scotts-seafood-on-the-river?scpref=110&tab=2,4.2,"4800 Riverside Boulevard Sacramento, CA  95825 ",286,Seafood,$30 and under,Sacramento,http://www.scottsseafood.net,theriver@scottsseafood.net,(916) 379-5959,4.2 / 5,"When we have a special occasion, this is the place we like to come. We enjoy the outside seating because it is more quiet. The staff is attentive; if you have a special occasion, let them know! The food has been consistently good; even if you don't like fish, there is plenty of variety. While you don't really need reservations for 'off peak days/times' you definitely need them if you plan to have dinner or brunch on a weekend. Use the online ""open table""...its ez! :)",10/05/2012,http://www.pickgrapevine.com/wantmore5/scotts-seafood-on-the-river,scotts-seafood-on-the-river
Seasons - Davis,http://www.opentable.com/seasons?scpref=110&tab=2,4.3,"102 F Street Davis, CA  95616 ",103,American,$30 and under,Davis,http://www.seasonsdavis.com,"",(530) 750-1801,4.3 / 5,Food and service were excellent. I was appreciative of being able to substitute an item.,10/05/2012,http://www.pickgrapevine.com/wantmore5/seasons,seasons
Sheepherder Bar & Grille,http://www.opentable.com/sheepherder-bar-and-grille?scpref=110&tab=2,3.4,"11275 Folsom Blvd. Rancho Cordova, CA  95742 ",22,American,$31 to $50,Rancho Cordova,http://www.sheepherderbarandgrille.com,info@sheepherderbarandgrille.com,(916) 638-4584,3.4 / 5,We were a little disapointed in the food they serve. My husband asked for plain chicken no Balsalmic dressing or capers on the chicken & it came out with both. I had the Sheepards Pie & it was made with lamb which was very fatty.The spinach salad I had & the salad my husband had were very good.We did wait for 10 min. until a waitress came up to us. She spoke very softly but once she had our order she did check back to see if we were okay.,09/17/2012,http://www.pickgrapevine.com/wantmore5/sheepherder-bar-and-grille,sheepherder-bar-and-grille
Sienna,http://www.opentable.com/sienna?scpref=110&tab=2,4.3,"3909 Park Drive El Dorado Hills, CA  95762 ",132,Californian,$30 and under,El Dorado Hills,http://www.siennarestaurants.com,info@siennarestaurants.com,(916) 941-9694,4.3 / 5,"The service was very slow. The waiter said he was sorry he ""forgot"" our initial drinks which took so long to get. He also forgot the ravioli appetizer we ordered. We did not re-order since service was so slow. Then he forgot one of our drinks the second round.",10/05/2012,http://www.pickgrapevine.com/wantmore5/sienna,sienna
Spataro Restaurant and Bar,http://www.opentable.com/spataro-restaurant-and-bar?scpref=110&tab=2,4.1,"1415 L Street Sacramento, CA  95814 ",103,Italian,$30 and under,Sacramento,http://www.spatarorestaurant.com,spa@paragarys.com,(916) 440-8888,4.1 / 5,GReat staff who knew it was our anniversary and provided complimentary sparkling wine and a photograph of the evening.,10/05/2012,http://www.pickgrapevine.com/wantmore5/spataro-restaurant-and-bar,spataro-restaurant-and-bar
Sudwerk,http://www.opentable.com/sudwerk?scpref=110&tab=2,3.7,"2001 2nd St Davis, CA  95618 ",20,American,$30 and under,Davis,http://www.sudwerk.com,mark@sudwerk.com,(530) 758-8700,3.7 / 5,"Nothing wrong with the food or beer here, everything was quite tasty.",10/06/2012,http://www.pickgrapevine.com/wantmore5/sudwerk,sudwerk
Suede Blue,http://www.opentable.com/suede-blue?scpref=110&tab=2,4.0,"1400 Eureka Road Roseville, CA  95661 ",45,Steakhouse,$30 and under,Roseville,http://suede-blue.com,suedeblue@pacdining.com,(916) 782-5525,4 / 5,"The food was not edible. The blue cheese on the steak made the steak sour, the horse radish in the potatoes made them unpalatable, and the lobster had no flavor - was not boiled in salt water. The wedge salad was good and the water was good. We will not eat there again.",10/04/2012,http://www.pickgrapevine.com/wantmore5/suede-blue,suede-blue
Taste Restaurant - Plymouth,http://www.opentable.com/taste-restaurant-plymouth?scpref=110&tab=2,4.6,"9402 Main Street Plymouth, CA  95669 ",231,Californian,$31 to $50,Plymouth,http://www.restauranttaste.com,info@restauranttaste.com,(209) 245-3463,4.6 / 5,"What a treat!! The food,wine and friendly and knowledgeable staff are exceptional. We had the opportunity to talk to Tracey who so exemplifies the caring and creative atmosphere and dishes. My party was from MI but has traveled the world. We each ordered different dishes and were all so happy with the starters, entrees and the beautiful creme brulee. A must visit for anyone who enjoys good food and fun.",10/05/2012,http://www.pickgrapevine.com/wantmore5/taste-restaurant-plymouth,taste-restaurant-plymouth
Ten22,http://www.opentable.com/ten22?scpref=110&tab=2,4.1,"1022 Second Street Sacramento, CA  95814 ",103,American,$30 and under,Sacramento,http://www.Ten22oldsac.com/,comments@ten22oldsac.com,(916) 441-2211,4.1 / 5,"First time visit was for Sunday lunch. Food was excellent even though restaurant was out of a couple of items such as bananas. As a result, we weren't able to sample the banana split. Didn't matter because everything else made up for it.Lunch was a treat without dessert. We especially liked the BLT tart and the chicken sandwich which our server recommended.Great wine selection and wide range of beers.It's a restaurant to which we are certain to return many times.",09/30/2012,http://www.pickgrapevine.com/wantmore5/ten22,ten22
Tequila Museo Mayahuel,http://www.opentable.com/tequila-museo-mayahuel?scpref=110&tab=2,4.0,"1200 K Street, Suite 3 Sacramento, CA  95814 ",60,Mexican,$30 and under,Sacramento,http://www.tequilamuseo.com/,efiregroup@yahoo.com,(916) 441-7200,4 / 5,Love the Mariachi's but can be quite loud.,10/06/2012,http://www.pickgrapevine.com/wantmore5/tequila-museo-mayahuel,tequila-museo-mayahuel
Tower Bridge Bistro,http://www.opentable.com/tower-bridge-bistro?scpref=110&tab=2,3.9,"ES Sacramento 100 Capitol Mall Sacramento, CA  95814",27,Californian,$30 and under,Sacramento,http://www.towerbridgebistro.com,manager@towerbridgebistro.com,(916) 326-5050,3.9 / 5,"We enjoyed every one of the Vegan Chef Challenge dishes, and will definitely be back.",10/07/2012,http://www.pickgrapevine.com/wantmore5/tower-bridge-bistro,tower-bridge-bistro
Trio,http://www.opentable.com/trio?scpref=110&tab=2,3.6,"826 J Street Sacramento, CA  95814 ",12,American,$30 and under,Sacramento,http://triosac.com/,info@triosac.com,(916) 444-7454,3.6 / 5,Service was a little slow at times however the server told us they were missing several help staff.,10/06/2012,http://www.pickgrapevine.com/wantmore5/trio,trio
V Restaurant,http://www.opentable.com/v-restaurant?scpref=110&tab=2,4.4,"4028 Main Street Murphys, CA  95247 ",22,European,$31 to $50,Murphys,http://www.victoriainn-murphys.com/restaurant.html,mninos@sbcglobal.net,(209) 728-0107,4.4 / 5,"Fabulous Restaurant!! A talented chef creates this menu. I think he or she cooks it as well. What a find! They are talented with everything, even dessert!!",10/05/2012,http://www.pickgrapevine.com/wantmore5/v-restaurant,v-restaurant
Vanilla Bean Bistro,http://www.opentable.com/vanilla-bean-bistro?scpref=110&tab=2,3.9,"3260-B J Street Sacramento, CA  95816 ",19,American,$30 and under,Sacramento,http://www.vanillabeanbistro.com/,gonul@vanillabeanbistro.com,(916) 457-1155,3.9 / 5,Food was fantastic! The flavors of the Mediterranean food explode in your mouth with each and every bite. Highly recommend!!!,10/04/2012,http://www.pickgrapevine.com/wantmore5/vanilla-bean-bistro,vanilla-bean-bistro
Vines - Hyatt Regency Sacramento,http://www.opentable.com/vines-hyatt-regency-sacramento?scpref=110&tab=2,4.1,"1209 L Street Sacramento, CA  95814 ",11,Continental,$30 and under,Sacramento,http://sacramento.hyatt.com/hyatt/hotels/entertainment/restaurants/index.jsp,"",(916) 443-1234,4.2 / 5,Excellent and attentive service and our salads were very good. I would like to try the buffet another time. The complimentary dessert for my birthday was excellent.,10/08/2012,http://www.pickgrapevine.com/wantmore5/vines-hyatt-regency-sacramento,vines-hyatt-regency-sacramento
Waterboy,http://www.opentable.com/waterboy?scpref=110&tab=2,4.5,"2000 Capitol Avenue Sacramento, CA  95814 ",163,Provencal,$30 and under,Sacramento,http://www.waterboyrestaurant.com,"",(916) 498-9891,4.5 / 5,"Who would ""waste"" a trip to the beloved Waterboy by ordering a hamburger? ME!! We saw one come out, we both ordered one, and the tables around us soon followed suit! First -- the meat. It was perfection...juicy, perfectly cooked, with a smoky real grilled flavor. I hate ""mystery"" sauce, but of course, Waterboy's was mysteriously delicious. A snap of salty pickles. The best heirloom tomato I have had all year(and I have overdosed on fabulous tomatoes this season.) No time wasted on lettuce that would fall off the bun anyway. Finally, the French fries.... thin, perfectly cooked, lightly seasoned with fresh herbs. Is that powdered salt? I WILL BE BACK. AND I WILL ORDER A BURGER ALWAYS!",10/09/2012,http://www.pickgrapevine.com/wantmore5/waterboy,waterboy
Zinfandel Grille - Sacramento,http://www.opentable.com/zinfandel-grille?scpref=110&tab=2,4.2,"2384 Fair Oaks Boulevard Sacramento, CA  95825 ",107,Californian,$30 and under,Sacramento,http://zinfandelgrille.com/,manager@zinfanelgrillesacramento.com,(916) 485-7100,4.2 / 5,"We were celebrating a family birthday....food, drinks, service all great!",09/30/2012,http://www.pickgrapevine.com/wantmore5/zinfandel-grille,zinfandel-grille
Zocalo Restaurant,http://www.opentable.com/zocalo-restaurant?scpref=110&tab=2,4.1,"1801 Capitol Ave. Sacramento, CA  95814 ",81,Regional Mexican,$30 and under,Sacramento,http://www.zocalosacramento.com,wecare@zocalosacramento.com,(916) 441-0303,4.1 / 5,The website advertised a three course meal during Sacramento Restaurant Week for $15. I also called to confirm the price several days before the reservation. I was disappointed to find out from our server that the price had been misadvertised and was actually $30. Semmed conspicuously misleading and will not be forgotten.,10/06/2012,http://www.pickgrapevine.com/wantmore5/zocalo-restaurant,zocalo-restaurant
