24Grille,http://www.opentable.com/24grille?scpref=110&tab=2,4.0,"204 Michigan Ave Detroit, MI  48226 ",78,American,$30 and under,Detroit,http://www.24grille.com,info@spa1924grille.com,(313) 964-3821,3.0 out of 5,"We dine out 3-4 times each month, and like to try new places. The restaurant ambiance was fabulous. Everyone was very pleasant and friendly as we arrived. Our server made a good first impression, but lost the charm thoughout our dining experience when we simply told her we would be splitting our 4-person bill into 2. I have trained people in the hospitality industry and she needs some work on her attitude. Anyway, we spoke to a manager as well, and she was not polite either; in fact, she was quite rude. I'm not sure if I'll go back to this restaurant, I certainly won't recommend it to anyone, including the guests at my hotel, and I'll be sure my concierge team doesn't recommend it either. I hope to have a better experience at Roast.",10/26/2012,http://www.pickgrapevine.com/wantmore6/24grille,24grille
42º North,http://www.opentable.com/42-degrees-north?scpref=110&tab=2,4.0,"Detroit Marriott at the Renaissance Center - Level 3 Level 3 Detroit, MI  48243",1,American,$31 to $50,Detroit,http://www.dineatdetroitmarriott.com    ,42degreesnorth@marriott.com,(313) 568-8699,2.0 out of 5,Very unorganized for brunch. Food was a bit bland. Omelette maker was good. The advertising suggested a high floor level on 42 floor but was in 3 rd floor. Very disappointed.,10/28/2012,http://www.pickgrapevine.com/wantmore6/42-degrees-north,42-degrees-north
5ive Restaurant at The Inn At St. Johns,http://www.opentable.com/5ive-restaurant-at-the-inn-at-st-johns?scpref=110&tab=2,3.9,"44045 Five Mile Rd Plymouth, MI  48170 ",24,American,$30 and under,Plymouth,http://www.stjohnsgolfconference.com/five.html,5ive@stjohnsgc.com,(734) 357-5700,3.0 out of 5,"Just about what one would expect from hotel dining in a mid-sized property. High tables in bar area with televisions, through to a room with four tops and booths. Enough food choices to find something to satisfy. Place was empty when we were there. Salad was nothing special, and fish was cooked properly.",10/11/2012,http://www.pickgrapevine.com/wantmore6/5ive-restaurant-at-the-inn-at-st-johns,5ive-restaurant-at-the-inn-at-st-johns
American Harvest Restaurant,http://www.opentable.com/american-harvest-restaurant?scpref=110&tab=2,4.6,"18600 Haggerty Road Livonia, MI  48152 ",81,American,$30 and under,Northville,http://www.schoolcraft.edu/americanharvest/,amharves@schoolcraft.edu,(734) 462-4488,4.0 out of 5,We really enjoyed the experience and the special attention from the students is what makes the experience great.,10/30/2012,http://www.pickgrapevine.com/wantmore6/american-harvest-restaurant,american-harvest-restaurant
Andiamo - Livonia,http://www.opentable.com/andiamo-livonia?scpref=110&tab=2,4.1,"38703 Seven Mile Road Livonia, MI  48152 ",90,Italian,$30 and under,Detroit,http://www.andiamoitalia.com/livonia,livonia@andiamoitalia.com,(734) 953-3200,4.0 out of 5,The experience was excellent except for one beverage that went un-refilled for half and hour.,10/25/2012,http://www.pickgrapevine.com/wantmore6/andiamo-livonia,andiamo-livonia
Andiamo - Novi,http://www.opentable.com/andiamo-novi?scpref=110&tab=2,4.1,"42705 Grand River Avenue Novi, MI  48375 ",62,Italian,$30 and under,Novi,"http://andiamoitalia.com, andiamonovitheatre.com, thedirtymartinilounge.com",novi@andiamoitalia.com,(248) 348-3838,2.0 out of 5,"I brought a client and wife to Novi on 10-27-12. Dining room was slow. Hostess sat us at a 4 table, I ask to sit at booth. She came back to say it wasn't avaliable and I had to insist on booth. Got a male waiter who took a while to warm up to us, but he did fine when we started spending money. I personally ordered the veal porterhouse rare and had to send it back because it came back medium, it took a while to come back. Because of time frame to get it, I took it home and ate it later that night. I would say it was not a $45 steak. It was not flavorful at all and had a lot of gristle. There is more issues too. Can I get a call please? 248-310-0463",10/27/2012,http://www.pickgrapevine.com/wantmore6/andiamo-novi,andiamo-novi
Andiamo - Riverfront,http://www.opentable.com/andiamo-detroit?scpref=110&tab=2,4.4,"400 Renaissance Center Suite A403 Detroit, MI  48243",174,Italian,$30 and under,Detroit,http://www.andiamoitalia.com,riverfront@andiamoitalia.com,(313) 567-6700,3.0 out of 5,"Restaurant had my reservation, but we did not get to sit as requested by the window, we sat by the waiter alley. Wine pour EXACTLY 5 OUNCES, house wine $10/glass...very average chardonnay. Chianti Classico, EXACTLY 5 OUNCES,good and $14/glass. Pasta prices reasonable ($20 Fettucine Alfredo) but light on the sauce. Whitefish looked good, guests liked it. Service was attentive and friendly. I got the feeling we were on a time limit for the table. I probably would not return. I did not pay the bill nor did I see the check, so I can't comment on total price. I sense that it was rather expensive overall.",10/28/2012,http://www.pickgrapevine.com/wantmore6/andiamo-detroit,andiamo-detroit
Andiamo Italian Bistro - Sterling Heights,http://www.opentable.com/andiamo-italian-bistro?scpref=110&tab=2,4.5,"14425 Lakeside Circle Sterling Heights, MI  48036 ",81,Italian,$30 and under,Sterling Heights,http://www.andiamoitalia.com,parties.andiamoitalianbistro@andiamoitalia.com,(586) 532-8800,5.0 out of 5,We were greeted upon arrival and shown to our seat. We had asked for a high chair and one was provided quickly. Our server did an outstanding job. He was attentive without being over bearing. He appeared to know the menu and was helpful with our choices. The food (especially the crab cakes) was great. We were happy with our experience.,10/21/2012,http://www.pickgrapevine.com/wantmore6/andiamo-italian-bistro,andiamo-italian-bistro
Andiamo Royal Oak,http://www.opentable.com/andiamo-royal-oak?scpref=110&tab=2,3.9,"129 S. Main Street Royal Oak, MI  48067 ",51,Italian,$30 and under,Detroit,http://www.andiamoitalia.com,sandyk@andiamoitalia.com,(248) 582-9300,3.0 out of 5,"Food is predictable okay, but one goes for consistency versus innovative at Andiamo. Atmosphere and service is always excellent. Good wine served in exquisite glasses.",10/26/2012,http://www.pickgrapevine.com/wantmore6/andiamo-royal-oak,andiamo-royal-oak
Bacco Ristorante - Michigan,http://www.opentable.com/bacco-ristorante-michigan?scpref=110&tab=2,4.4,"29410 Northwestern Highway Southfield, MI  48034 ",77,Italian,$31 to $50,Detroit,http://www.baccoristorante.com,alberto@baccoristorante.com,(248) 356-6600,4.0 out of 5,"The experience was sort of marred from the start because the hostess was rude and condescending (not even sure why?). The dining area is very small with small tables pushed in very close together. We were at a tiny table in the middle of the room shoved between a big cactus looking thing and next tables wine cooler. the couple next to us was almost bumping enbows with us. On the good side the wait staff was very good and knowledgable, and the food was outstanding. Would've loved to come for the food again, but the ambiance is just not that enjoyable.",10/27/2012,http://www.pickgrapevine.com/wantmore6/bacco-ristorante-michigan,bacco-ristorante-michigan
Barrio Tacos & Tequila,http://www.opentable.com/barrio-tacos-and-tequila?scpref=110&tab=2,3.8,"203 Hamilton Row Birmingham, MI  48009 ",39,Mexican,$30 and under,Birmingham,http://www.barriomi.com,twilson@barriomi.com,(248) 593-6060,5.0 out of 5,"We enjoyed our entire dining experience.The staff was friendly and accomodating.The service and ambience is excellent, only to beoutdone by the fine, homemade, interestingupscale Mexican cuisine. The swordfish tacos andfresh guacamole were outstanding. Theyalso have an extensive selection of tequilas!We will definitely be back.",10/28/2012,http://www.pickgrapevine.com/wantmore6/barrio-tacos-and-tequila,barrio-tacos-and-tequila
Benihana - Dearborn,http://www.opentable.com/benihana-dearborn?scpref=110&tab=2,4.1,"18601 Hubbard Dr Dearborn, MI  48126 ",162,Japanese,$30 and under,Dearborn,http://www.benihana.com/locations/dearborn-mi-db,dearborn@benihana.com,(313) 593-3200,3.0 out of 5,our teppanyaki experience was good. our chef was very accomplished in his craft. accomodated each diners request. and interacted with all of at our table.,10/24/2012,http://www.pickgrapevine.com/wantmore6/benihana-dearborn,benihana-dearborn
Benihana - Farmington Hills,http://www.opentable.com/benihana-farmington-hills?scpref=110&tab=2,4.2,"21150 Haggerty Rd Northville, MI  48167 ",100,Japanese,$30 and under,Farmington Hills,http://www.benihana.com/locations/farmingtonhills-mi-fh,Farmingtonhills@benihana.com,(248) 348-7900,4.0 out of 5,"This was my boyfriends first trip to Benihana. He really enjoyed hisself! We will be coming back very soon. One downside was that our chef was hard to understand and seemed a little flustered when he did not have all of the items on his cart, this took away from the overall experience.",10/20/2012,http://www.pickgrapevine.com/wantmore6/benihana-farmington-hills,benihana-farmington-hills
Benihana - Troy,http://www.opentable.com/benihana-troy?scpref=110&tab=2,4.1,"1985 W. Big Beaver Road Troy, MI  48084 ",118,Japanese,$30 and under,Troy,http://www.benihana.com/locations/troy-mi-ty,troy@benihana.com,(248) 649-6340,4.0 out of 5,Great food and wonderful show. Chefs are very talented. Lots of fun for a group.,10/27/2012,http://www.pickgrapevine.com/wantmore6/benihana-troy,benihana-troy
Big Fish - Dearborn,http://www.opentable.com/big-fish-dearborn?scpref=110&tab=2,4.0,"700 Town Center Drive Dearborn, MI  48126 ",75,Seafood,$30 and under,Dearborn,http://www.muer.com/,bfdb@ldry.com,(313) 336-6350,4.0 out of 5,Great for family dinners. Had a great time and the service was wonderful.,10/27/2012,http://www.pickgrapevine.com/wantmore6/big-fish-dearborn,big-fish-dearborn
Big Rock Chop House,http://www.opentable.com/big-rock-chop-house?scpref=110&tab=2,4.3,"245 S. Eton Street Birmingham, MI  48009 ",68,American,$31 to $50,Birmingham,http://www.bigrockchophouse.com,info@bigrockchophouse.com,(248) 647-7774,5.0 out of 5,"Our Waiter, Mitchell, is wonderful. He is personable, attentive, and does an overall fantastic job! That really makes our dining experience special!",10/27/2012,http://www.pickgrapevine.com/wantmore6/big-rock-chop-house,big-rock-chop-house
The Black Pearl,http://www.opentable.com/the-black-pearl?scpref=110&tab=2,4.0,"302 S Main Street Ann Arbor, MI  48104 ",43,Seafood,$30 and under,Ann Arbor,http://www.blackpearlonmain.com,theblackpearlmartini@live.com,(734) 222-0400,5.0 out of 5,Probably the most accomodating staff of any restaurant I have visited. I require wheelchair access and the floor manager with the wait staff were very obliging. Food was wonderful in presentation and taste.,10/25/2012,http://www.pickgrapevine.com/wantmore6/the-black-pearl,the-black-pearl
Brookshire Restaurant at the Royal Park Hotel,http://www.opentable.com/brookshire-restaurant-at-the-royal-park-hotel?scpref=110&tab=2,4.5,"600 East University Drive Rochester, MI  48307 ",21,Continental,$31 to $50,Detroit,http://www.royalparkhotel.net,brookshire@royalparkhotel.net,(248) 453-8732,4.0 out of 5,Throughly enjoyed the evening. Food and service were good and would certainly return.,10/27/2012,http://www.pickgrapevine.com/wantmore6/brookshire-restaurant-at-the-royal-park-hotel,brookshire-restaurant-at-the-royal-park-hotel
Buca di Beppo - Livonia,http://www.opentable.com/buca-di-beppo-livonia?scpref=110&tab=2,4.1,"38888 Six Mile Road Livonia, MI  48152 ",75,Italian,$30 and under,Livonia,http://www.bucadibeppo.com,livonia@bucadibeppo.com,(734) 462-6442,5.0 out of 5,Great Food and ambiance! Always love to eat there!,10/27/2012,http://www.pickgrapevine.com/wantmore6/buca-di-beppo-livonia,buca-di-beppo-livonia
Buca di Beppo - Utica,http://www.opentable.com/buca-di-beppo-utica?scpref=110&tab=2,4.0,"12575 Hall Road Utica, MI  48317 ",32,Italian,$30 and under,Utica,http://www.bucadibeppo.com,utica@bucadibeppo.com,(586) 803-9463,5.0 out of 5,"This place is awesome. My BF and I went on a Saturday afternoon, and we got like a whole room to ourselves! The Waitress was amazing! She was super helpful because it was our first time, and we have no idea what to expect! The food. Omg. The food was amazing. It was a lot of food. I am glad we went for lunch, because there was a lot left over for later!!",10/28/2012,http://www.pickgrapevine.com/wantmore6/buca-di-beppo-utica,buca-di-beppo-utica
Cadillac Cafe at The Detroit Opera House,http://www.opentable.com/cadillac-cafe-at-the-detroit-opera-house?scpref=110&tab=2,4.0,"1526 Broadway Detroit, MI  48226 ",26,"Global, International",$30 and under,Detroit,http://www.cadillaccafedetroit.com,adonaldson@motopera.org,(313) 237-3284,5.0 out of 5,"The service was outstanding and prompt. They knew we had to have our dinner done in time to get to the ballet and they made sure we were done before curtain time. The food was very good, as always, but I would appreciate a little change in the menu. I love the wood floors and the ambiance of having a restaurant in the theater. We especially loved it when the waitress sang for the dining guests. Unfortunately, she hasn't sung every time we go, but we're hopeful we'll get to hear her sing again.",10/27/2012,http://www.pickgrapevine.com/wantmore6/cadillac-cafe-at-the-detroit-opera-house,cadillac-cafe-at-the-detroit-opera-house
Cafe Felix - Ann Arbor,http://www.opentable.com/cafe-felix-ann-arbor?scpref=110&tab=2,4.0,"204 South Main Street Ann Arbor, MI  48104 ",48,French,$30 and under,Ann Arbor,http://cafefelix.com,Felixlandrum@gmail.com,(734) 662-8650,5.0 out of 5,Limited menu but everything on it is excellent. Very good weekend brunch.,10/19/2012,http://www.pickgrapevine.com/wantmore6/cafe-felix-ann-arbor,cafe-felix-ann-arbor
Cafe Muse,http://www.opentable.com/cafe-muse?scpref=110&tab=2,4.5,"418 S. Washington Avenue Royal Oak, MI  48067 ",22,Contemporary American,$30 and under,Royal Oak,http://www.cafemuseroyaloak.com,cafemuse@comcast.net,(248) 544-4749,5.0 out of 5,Amazing dinner where all 7 of us were beyond impressed with the food. Great sommelier to help select a great wine. Our waitress was friendly and helpful as well!,10/27/2012,http://www.pickgrapevine.com/wantmore6/cafe-muse,cafe-muse
Cameron's Steakhouse - Birmingham,http://www.opentable.com/camerons-steakhouse?scpref=110&tab=2,4.5,"115 Willits Street Birmingham, MI  48009 ",72,Steakhouse,$31 to $50,Detroit,http://www.camerons-steakhouse.com,cameronssteakhouse@mitchellssteakhouse.com,(248) 723-1700,2.0 out of 5,"Wanted to take my wife on a nice beautiful birthday Dinner. Thought I would be taking her to a fancy very good dinner. We walked in and was greeted nicely, then it took a long time for the server to get to us. My wife orderded a $10.00 glas of wine and I just wanted a water (I dont drink and dont need POP) so instantly he was irriatated with me. We ordered our steaks and yes my wife ordered hers Well Done and mine was supposed to be medium. we got the stakes and hers was medium and mine was medium well. I did not send mine back but she sent her back, well 15 minutes later a hockey crusted puck came back. The Augratin Potatoes were cubed potatoes with basically covered in velvetta cheese. We ate our dinner and paid our $130.00 and left.NEVER",10/27/2012,http://www.pickgrapevine.com/wantmore6/camerons-steakhouse,camerons-steakhouse
Capital Grille - Troy,http://www.opentable.com/capital-grille-troy?scpref=110&tab=2,4.5,"2800 West Big Beaver Road Troy, MI  48084 ",146,Steakhouse,$50 and over,Troy,http://www.thecapitalgrille.com,Troy@tcgdine.com,(248) 649-5300,5.0 out of 5,Always love to dine here!! If you want a quieter room request one of the back private rooms- so much better.,10/27/2012,http://www.pickgrapevine.com/wantmore6/capital-grille-troy,capital-grille-troy
Carlyle Grill,http://www.opentable.com/carlyle-grill?scpref=110&tab=2,4.0,"3660 Jackson Rd Ann Arbor, MI  48103 ",42,Contemporary American,$30 and under,Ann Arbor,http://www.carlylegrill.com/,jr@mediterrano.com,(734) 213-9800,3.0 out of 5,"Good variety of menu items. We went after a UM football game and it was perfect for that. Convenient parking, takes reservations, casual but nice.",10/20/2012,http://www.pickgrapevine.com/wantmore6/carlyle-grill,carlyle-grill
Carson's American Bistro - Ann Arbor,http://www.opentable.com/carsons-american-bistro?scpref=110&tab=2,4.0,"2000 Commonwealth Blvd. Ann Arbor, MI  48105 ",58,American,$30 and under,Ann Arbor,http://www.carsonsamericanbistro.com,gmcarsons@msventures.net,(888) 456-3463,4.0 out of 5,"Great food and wonderful service! Crab cakes are very tasty, we had them twice! we also both had delicious meals. I tried the beef stroganoff and my fiance had the beef medallion/crab cake combo, with potato and fresh green beans. Meat was cooked perfectly~ too bad we were too full to try dessert, the table next to us ordered dessert and the selections looked very tempting. Pricing was fair for quality, quantity and overall service!",10/21/2012,http://www.pickgrapevine.com/wantmore6/carsons-american-bistro,carsons-american-bistro
The Chop House - Ann Arbor,http://www.opentable.com/the-chop-house-ann-arbor?scpref=110&tab=2,4.5,"322 S. Main Ann Arbor, MI  48104 ",242,Steakhouse,$50 and over,Ann Arbor,http://www.thechophouserestaurant.com,gmchopaa@msventures.net,(888) 456-3463,5.0 out of 5,My wife and I went to the Chop House because we had a night out alone and always wanted to try it. The staff was very profesional and attentive. The food was outstanding and something you will not find at just any good restaurant.,10/26/2012,http://www.pickgrapevine.com/wantmore6/the-chop-house-ann-arbor,the-chop-house-ann-arbor
Cliff Bell's,http://www.opentable.com/cliff-bells?scpref=110&tab=2,3.8,"2030 Park Ave Detroit, MI  48226 ",129,Contemporary American,$30 and under,Detroit,http://www.cliffbells.com,info@cliffbells.com,(313) 961-2543,3.0 out of 5,"Went for restaurant week. The food was just OK - portions were very small, and maybe I just didn't know what I was doing but the squab was impossible to eat! I don't know if it's supposed to be that tough, but I felt like an idiot tearing apart a greasy bird with my hands (no steak knife given) at a nice restaurant. Dessert was excellent, although they told us at first one was sold out then brought it to us anyway. Was someone hoarding it??Live jazz music so it's very noisy.The drinks are great, so I'll probably just stick with those next time and dine elsewhere.",10/07/2012,http://www.pickgrapevine.com/wantmore6/cliff-bells,cliff-bells
Coach Insignia,http://www.opentable.com/coach-insignia?scpref=110&tab=2,4.3,"Renaissance Center 72nd Floor Detroit, MI  48243 ",537,American,$50 and over,Detroit,http://www.theepicureangroup.com/coachinsignia.html,bhunt@theepicureangroup.com,(313) 567-2622,4.0 out of 5,Venerable and impressive with the best view of any reteraunt in Michigan and possibly anywhere in the Midwest. Signature dishes like the lobster corn dog are excellent but overall the food was more chain steakhouse than unique and inspiring. Go at least once for the sights and experience but could be better.,10/15/2012,http://www.pickgrapevine.com/wantmore6/coach-insignia,coach-insignia
Conor O'Neill's,http://www.opentable.com/conor-oneills?scpref=110&tab=2,4.5,"318 South Main Street Ann Arbor, MI  48103 ",11,Irish,$30 and under,Ann Arbor,http://www.conoroneills.com,information@conoroneills.com,(734) 665-2968,4.0 out of 5,"Great place to go before seeing a show at The Ark! No worries about being late for the show, things moved along, but never felt rushed. Was finished and completely satisfied within an hour of being seated.",10/30/2012,http://www.pickgrapevine.com/wantmore6/conor-oneills,conor-oneills
Crave Restaurant & Sushi Bar - Dearborn,http://www.opentable.com/crave-restaurant-and-sushi-bar-dearborn?scpref=110&tab=2,4.4,"22075 Michigan Avenue Dearborn, MI  48124 ",20,Asian,$30 and under,Dearborn,http://www.cravelounge.com,info@cravelounge.com,(313) 277-7283,5.0 out of 5,"We had an event at Craves for about 50+ people and the Manager Josh, made sure that everything was taken care of. I gave him my budget and he helped with the selection of the menu items. There was more than enough food for everyone and it all came out on time and hot. The staff was very friendly and a good time was had by all. We will certainly consider Crave for our next event.",10/19/2012,http://www.pickgrapevine.com/wantmore6/crave-restaurant-and-sushi-bar-dearborn,crave-restaurant-and-sushi-bar-dearborn
Cuisine,http://www.opentable.com/cuisine?scpref=110&tab=2,3.6,"670 Lothrop Detroit, MI  48202 ",105,Contemporary French,$31 to $50,Detroit,http://CuisineDetroit.com,CuisineDetroit@aol.com,(313) 872-5110,2.0 out of 5,A DISAPPOINTMENT !!!!!!The decor was lacking a lot..I could have done a better job...I thought I was taking my mother to a nice place..AWFUL..The food was something I could have made much better at home..It was LESS THAN AVERAGE..I think Chef needs to get it together.The service to start with was 4 different waiters asking if my mother and I wanted alcohol...I cannot drink !!! Or are we not welcome in this establishment if we are not drinking..That is whet it felt like..TERRIBLEA nice older waiter finally tended to our table thank you.I told my mom I was taking her to a wonderful restaurant... I was really shocked it was NOT great..My mom was kind and did not say much but her face said it all..,10/23/2012,http://www.pickgrapevine.com/wantmore6/cuisine,cuisine
D'Amato's Restaurant & Goodnite Gracie Martini Bar,http://www.opentable.com/damatos-restaurant-and-goodnite-gracie-martini-bar?scpref=110&tab=2,4.2,"222 S. Sherman Royal Oak, MI  48067 ",41,Italian,$30 and under,Detroit,http://www.damatos.com,damatos1@sbcglobal.net,(248) 584-7400,5.0 out of 5,"Had a wonderful evening at D'Amato's. The food was delicous, and great wine menu. The service was impeccable. One of our favorite places to dine out.Excellent everytime.",10/25/2012,http://www.pickgrapevine.com/wantmore6/damatos-restaurant-and-goodnite-gracie-martini-bar,damatos-restaurant-and-goodnite-gracie-martini-bar
Detroit Prime,http://www.opentable.com/detroit-prime?scpref=110&tab=2,3.8,"32769 Northwestern Highway Farmington Hills, MI  48334 ",41,American,$30 and under,Farmington Hills,http://www.mattprenticeculinaryexperience.com/Detroit_Prime.html,kjoclarke@gmail.com,(248) 737-9600,3.0 out of 5,"A good if not great restaurant. Had the hanger steak which was fine. Not sure if the concept of lesser meat cuts is enough for a distinctive menu, or a loyal following. Prices were reasonable, service was still rough around the edges. Decor more like Fridays or some other moderate chain. Will likely return, but won't rush back.",10/27/2012,http://www.pickgrapevine.com/wantmore6/detroit-prime,detroit-prime
Duo Restaurant & Lounge,http://www.opentable.com/duo-restaurant-and-lounge-southfield?scpref=110&tab=2,3.6,"29555 Northwestern Highway, Suite 304 Southfield, MI  48034 ",28,American,$30 and under,Southfield,http://dineduo.com/,info@dineduo.com,(248) 996-9929,4.0 out of 5,"good service, big appetizers, nice spot. we'll go back.",10/27/2012,http://www.pickgrapevine.com/wantmore6/duo-restaurant-and-lounge-southfield,duo-restaurant-and-lounge-southfield
The Earle Downtown,http://www.opentable.com/the-earle-downtown?scpref=110&tab=2,4.4,"121 West Washington Ann Arbor, MI  48104 ",162,Italian,$30 and under,Ann Arbor,http://www.theearle.com,zoe@theearle.com,(734) 994-0211,4.0 out of 5,Relaxed evening in a peaceful atmosphere. the wine list was great and the food was just as good. the atmosphere was unique given that it was in the basement of a building however the food is what is important and it was spot on. i would definitely recommend for a nice evening out with your spouse!,10/26/2012,http://www.pickgrapevine.com/wantmore6/the-earle-downtown,the-earle-downtown
Fiamma Grille,http://www.opentable.com/fiamma-grille?scpref=110&tab=2,4.4,"380 S. Main St Plymouth, MI  48170 ",85,American,$30 and under,Plymouth,http://www.fiammagrille.com,info@comparisdining.com,(734) 416-9340,5.0 out of 5,Very good overall experience at Fiamma's Grill. The food was excellent and service was attentive. This is a great place for a group event or special dinner.,10/23/2012,http://www.pickgrapevine.com/wantmore6/fiamma-grille,fiamma-grille
Finn and Porter - Detroit,http://www.opentable.com/finn-and-porter-detroit?scpref=110&tab=2,3.4,"525 West Lafeyette Blvd, Detroit, MI  48226 ",9,American,$30 and under,Detroit,http://www.detroitsuites.doubletree.com,anthony.mason@hilton.com,(313) 963-5600 x5020,2.0 out of 5,"below average food,fair service, not a place I would recommend or return to. We went before the World Series game are were one of two patron groups. Tells you something.",10/27/2012,http://www.pickgrapevine.com/wantmore6/finn-and-porter-detroit,finn-and-porter-detroit
Fleming's Prime Steakhouse & Wine Bar - Birmingham MI,http://www.opentable.com/flemings-prime-steakhouse-and-wine-bar-birmingham-mi?scpref=110&tab=2,4.3,"325 N Old Woodward Avenue Birmingham, MI  48009 ",66,Steak,$31 to $50,Birmingham,http://www.flemingssteakhouse.com/BirmMI,birminghammi@flemingssteakhouse.com,(248) 723-0134,4.0 out of 5,Good good and while I am willing to pay a higher price for the quality steaks and seafood they serve it seems that the a la carte sides are way overpriced as are the cocktails. Gotta give a diner a little break here!,10/27/2012,http://www.pickgrapevine.com/wantmore6/flemings-prime-steakhouse-and-wine-bar-birmingham-mi,flemings-prime-steakhouse-and-wine-bar-birmingham-mi
Fleming's Prime Steakhouse & Wine Bar - Livonia,http://www.opentable.com/flemings-prime-steakhouse-and-wine-bar-livonia?scpref=110&tab=2,4.6,"17400 Haggerty Road Livonia, MI  48125 ",67,Steak,$31 to $50,Livonia,http://www.flemingssteakhouse.com/Livonia,livonia@flemingssteakhouse.com,(734) 542-9463,5.0 out of 5,"All of the ""Johnny come latelies"" into the steakhouse genre need to take a lesson from Fleming's. They've served some the best steaks that I've eaten in my life. The service is always top notch and if things are not perfect, they make it perfect. They're really hard to beat.",10/24/2012,http://www.pickgrapevine.com/wantmore6/flemings-prime-steakhouse-and-wine-bar-livonia,flemings-prime-steakhouse-and-wine-bar-livonia
Forest Grill,http://www.opentable.com/forest-grill?scpref=110&tab=2,4.2,"735 Forest Ave. Birmingham, MI  48009 ",87,American,$30 and under,Birmingham,http://www.theforestgrill.com,guestrelations@theforestgrill.com,(248) 258-9400,5.0 out of 5,"This restaurant is a favorite of mine because of the impeccable attention to details. The influence of Brian Polcyn, an acknowledged great chef, is evident as it should be, since he is owner. Claudia is among the three best sommeliers in this area and has the certifications, experience, and recognition to back that. The bartender is a steady pro who has been mixing and pouring for a very long time. This one is as close to San Francisco and New York as it gets in this part of Michigan!",09/25/2012,http://www.pickgrapevine.com/wantmore6/forest-grill,forest-grill
Fountain Bistro,http://www.opentable.com/fountain-bistro?scpref=110&tab=2,3.7,"800 Woodward Detroit, MI  48226 ",95,Contemporary French,$30 and under,Detroit,http://www.fountainbistro.com,contact@fountainbistro.com,(313) 237-7778,4.0 out of 5,"What a unique and interesting location. We visited in between ""fountain"" and ""ice rink"" seasons -- would be wonderful to visit again for a glass of wine after ice skating!",10/26/2012,http://www.pickgrapevine.com/wantmore6/fountain-bistro,fountain-bistro
Gandy Dancer,http://www.opentable.com/gandy-dancer?scpref=110&tab=2,4.4,"401 Depot Street Ann Arbor, MI  48104 ",277,Seafood,$31 to $50,Ann Arbor,http://www.Muer.com,gand@ldry.com,(734) 769-0592,5.0 out of 5,A destination worth the price. Truly gourmet with a lovely presentation and the flavors were simply devine. The character of the old train station just adds to the experience. Service was excellent without being overbearing.,10/28/2012,http://www.pickgrapevine.com/wantmore6/gandy-dancer,gandy-dancer
Grange Kitchen & Bar,http://www.opentable.com/grange-kitchen-and-bar?scpref=110&tab=2,4.2,"118 W Liberty Ann Arbor, MI  48104 ",103,American,$31 to $50,Ann Arbor,http://www.grangekitchenandbar.com,info@grangekitchenandbar.com,(734) 995-2107,4.0 out of 5,Real food done well! Great cocktails!,10/25/2012,http://www.pickgrapevine.com/wantmore6/grange-kitchen-and-bar,grange-kitchen-and-bar
Gratzi - Ann Arbor,http://www.opentable.com/gratzi?scpref=110&tab=2,4.3,"326 S. Main Ann Arbor, MI  48104 ",275,Italian,$31 to $50,Ann Arbor,http://www.gratzirestaurant.com,gmgratzi@msventures.net,(888) 456-3463,4.0 out of 5,Always a fun and energetic palce to eat. Needs to add substance to some meal choices. Can be surprisinly bland if not careful with dinner selection.,10/27/2012,http://www.pickgrapevine.com/wantmore6/gratzi,gratzi
The Hills Bar and Grille,http://www.opentable.com/the-hills-bar-and-grille?scpref=110&tab=2,4.0,"6810 N. Rochester Rd. Rochester Hills, MI  48306 ",10,American,$30 and under,Rochester Hills,http://www.thehillsbar.com,jon@thehillsbar.com,(248) 652-4455,5.0 out of 5,Always a great evening when we go there. Friendly staff and owners make it feel like a community.,10/19/2012,http://www.pickgrapevine.com/wantmore6/the-hills-bar-and-grille,the-hills-bar-and-grille
Iridescence,http://www.opentable.com/iridescence?scpref=110&tab=2,4.4,"2901 Grand River Ave Detroit, MI  48201 ",433,Contemporary American,$31 to $50,Detroit,http://MotorCityCasino.com,fnikolovskiamady@mccemail.com,(313) 237-6732,5.0 out of 5,Exceptional service!! Pricey but perfect for a special occasion.,10/27/2012,http://www.pickgrapevine.com/wantmore6/iridescence,iridescence
J. Baldwin's Restaurant,http://www.opentable.com/j-baldwins-restaurant?scpref=110&tab=2,4.2,"16981 18 Mile Rd Clinton Township, MI  48038 ",75,Contemporary American,$30 and under,Clinton Township,http://jbaldwins.com,chef.jeff@jbaldwins.com,(586) 416-3500,3.0 out of 5,"Our food was excellent and our waitress was very friendly but we waited waaaay too long for our food. Two tables that came in after us were served food before us. The wait between salad, dinner, and dessert was annoyingly long.",10/27/2012,http://www.pickgrapevine.com/wantmore6/j-baldwins-restaurant,j-baldwins-restaurant
Jeremy Restaurant,http://www.opentable.com/jeremy-restaurant?scpref=110&tab=2,4.2,"1978 Cass Lake Road Keego Harbor, MI  48322 ",55,American,$30 and under,Keego Harbor,http://Jeremyrestaurantandbar.com,jeremyrestaurant@yahoo.com,(248) 681-2124,5.0 out of 5,"Service was excellent, food equal. Seasonal menu is outstanding; made it very difficult to decide. We were seated immediately and not rushed at all, which can happen at small places on busy nights. This is one of our favorite restaurants near to home, but it is very worth the drive if you don't live near!",10/26/2012,http://www.pickgrapevine.com/wantmore6/jeremy-restaurant,jeremy-restaurant
Joe Muer Seafood,http://www.opentable.com/joe-muer-seafood?scpref=110&tab=2,4.4,"400 Renaissance Center, Suite 1404 Detroit, MI  48243 ",367,Seafood,$31 to $50,Detroit,http://joemuerseafood.com,sandyk@joemuerseafood.com,(313) 567-6837,4.0 out of 5,The food was excellent! Thinking of making reservation over holidays.,10/29/2012,http://www.pickgrapevine.com/wantmore6/joe-muer-seafood,joe-muer-seafood
Joe Vicari's Andiamo Italian Steakhouse - Bloomfield,http://www.opentable.com/joe-vicaris-andiamo-italian-steakhouse-bloomfield?scpref=110&tab=2,3.7,"6676 Telegraph Bloomfield Hills, MI  48301 ",111,Italian,$30 and under,Detroit,http://www.andiamoitalia.com,bloomfield@andiamoitalia.com,(248) 865-9300,4.0 out of 5,"The service was unremarkable! Staff were very attentive and knowledgeable with the entrees and wines. A little pricey, but worth it.",10/20/2012,http://www.pickgrapevine.com/wantmore6/joe-vicaris-andiamo-italian-steakhouse-bloomfield,joe-vicaris-andiamo-italian-steakhouse-bloomfield
Joe Vicari's Andiamo Italian Steakhouse - Dearborn,http://www.opentable.com/joe-vicaris-andiamo-italian-steakhouse-dearborn?scpref=110&tab=2,4.1,"21400 Michigan Ave Dearborn, MI  48124 ",116,Italian,$30 and under,Dearborn,http://www.andiamoitalia.com,tony@andiamoitalia.com,(313) 359-3300,1.0 out of 5,"Have been very disappointed with the change-over here. This is our second visit since the switch to a steakhouse, and I couldn't be more disappointed. We tried a second time because the first time wasn't good, and we were hoping it was just a fluke. The only good thing about the food was the cheesecake that we split for dessert. Unfortunately, we will not visit this location again. I would rather drive further to downtown Detroit and visit that Andiamo's than to visit the one down the street from me in Dearborn.",10/27/2012,http://www.pickgrapevine.com/wantmore6/joe-vicaris-andiamo-italian-steakhouse-dearborn,joe-vicaris-andiamo-italian-steakhouse-dearborn
Joe Vicari's Andiamo Italian Steakhouse - Warren,http://www.opentable.com/joe-vicaris-andiamo-italian-steakhouse-warren?scpref=110&tab=2,4.1,"7096 East 14 Mile Road Warren, MI  48092 ",56,Italian,$30 and under,Detroit,http://www.andiamoitalia.com,italia@andiamoitalia.com,(586) 268-3200,2.0 out of 5,"Andiamo's has been a favorite in the past but with the new ala carte practice and rise in price I doubt that we will be back, $58.00 for what we had is way, way out of line. We didn't get the break basket until we asked, and $6.00 for a dinner salad is crazy, especially when we didn't know that it was an extra.",10/29/2012,http://www.pickgrapevine.com/wantmore6/joe-vicaris-andiamo-italian-steakhouse-warren,joe-vicaris-andiamo-italian-steakhouse-warren
John D Bistro,http://www.opentable.com/john-d-bistro?scpref=110&tab=2,3.7,"22726 Woodward Ave Ferndale, MI  48220 ",12,Contemporary American,$30 and under,Ferndale,http://www.johndbistro.com,farahe@johndbistro.com,(248) 398-4070,4.0 out of 5,"Nice place, nice people. worked with me even though my group was late. This will not be my only time going.",10/19/2012,http://www.pickgrapevine.com/wantmore6/john-d-bistro,john-d-bistro
Kona Grill - Troy,http://www.opentable.com/kona-grill-troy?scpref=110&tab=2,4.2,"30 E Big Beaver Road Troy, MI  48083 ",144,Contemporary American,$30 and under,Troy,http://www.konagrill.com,troy@konagrill.com,(248) 619-9060,4.0 out of 5,"I always enjoy going to Kona Grill, however I am usually in the bar/patio area. I have been to Kona over 20 times at this point, and I think I have only been in the dining room 2 or 3 times, and I must say, it is quite nice, well laid out, and spacious. You can't beat the happy hour deals in the bar area, and the full menu itself has something for everyone.",10/26/2012,http://www.pickgrapevine.com/wantmore6/kona-grill-troy,kona-grill-troy
La Dolce Vita - Detroit,http://www.opentable.com/la-dolce-vita-detroit?scpref=110&tab=2,4.4,"17546 Woodward Detroit, MI  48203 ",194,Italian,$30 and under,Detroit,http://www.ldvrestaurant.net/,dineldv@aol.com,(313) 865-0331,4.0 out of 5,"Food and service were excellent. A little hard to find, but once you get there it's well worth it.",10/25/2012,http://www.pickgrapevine.com/wantmore6/la-dolce-vita-detroit,la-dolce-vita-detroit
Le Chef Bistro,http://www.opentable.com/le-chef-bistro?scpref=110&tab=2,4.3,"32621 Northwestern Hwy Farmington Hills, MI  48334 ",8,Lebanese,$30 and under,Farmington Hills,http://www.lechefmi.com/,lechefrestaurant@gmail.com,(248) 932-1300,3.0 out of 5,"A welcome entry in the local Middle Eastern cuisine offering, this restaurant is well-done, with linens, gracious appointments and efficient service. The food was authentic and nicely plated. It is far more upscale than restaurants serving similar cuisine. Too bad it is hidden in such an unappealing location, with a Sam's Club and Home Depot in an off-road complex.",10/11/2012,http://www.pickgrapevine.com/wantmore6/le-chef-bistro,le-chef-bistro
Lena,http://www.opentable.com/lena?scpref=110&tab=2,3.6,"226 S. Main St Ann Arbor, MI  48104 ",110,Latin American,$31 to $50,Ann Arbor,http://www.lena-annarbor.com,lena@mission86.com,(734) 994-2773,3.0 out of 5,a couple of things:,10/26/2012,http://www.pickgrapevine.com/wantmore6/lena,lena
Logan - An American Restaurant,http://www.opentable.com/logan-an-american-restaurant?scpref=110&tab=2,4.5,"115 W. Washington St. Ann Arbor, MI  48104 ",137,Contemporary American,$50 and over,Ann Arbor,http://logan-restaurant.com,logan.americanrestaurant@gmail.com,(734) 327-2312,5.0 out of 5,"Great on all fronts (food, service, special occasion recognition) The experience exceeded our expectations.",10/02/2012,http://www.pickgrapevine.com/wantmore6/logan-an-american-restaurant,logan-an-american-restaurant
Loon River Cafe,http://www.opentable.com/loon-river-cafe?scpref=110&tab=2,4.6,"34911 Van Dyke Avenue Sterling Heights, MI  48312 ",12,American,$30 and under,Sterling Heights,http://www.sterlinginn.com/Loon%20River/Loon.htm,roberth@sterlinginn.com,(586) 979-1420,5.0 out of 5,Menu was excellent. Beer samples were great.,10/29/2012,http://www.pickgrapevine.com/wantmore6/loon-river-cafe,loon-river-cafe
Mac's Acadian Seafood Shack,http://www.opentable.com/macs-acadian-seafood-shack?scpref=110&tab=2,4.3,"104 E. Michigan Ave Saline, MI  48176 ",66,Seafood,$30 and under,Saline,http://macsinsaline.com,info@macsinsaline.com,(734) 944-6227,4.0 out of 5,"Mac's is always good. We eat there regularly, mostly for lunch, sometimes for dinner. Food and service is first-rate. Selections change and specials are often wonderful.",10/14/2012,http://www.pickgrapevine.com/wantmore6/macs-acadian-seafood-shack,macs-acadian-seafood-shack
Maggiano's - Troy,http://www.opentable.com/maggianos-troy?scpref=110&tab=2,4.3,"2089 W. Big Beaver Road Troy, MI  48084 ",319,Italian,$30 and under,Troy,http://www.maggianos.com,troy.information@maggianos.com,(248) 205-1060,4.0 out of 5,"Our waitress, LeAnn, and her supporting staff were wonderful. She did a great job of taking care of our party of 2 along with the party of 20+ next to us. Thank you for a great experience.",10/26/2012,http://www.pickgrapevine.com/wantmore6/maggianos-troy,maggianos-troy
Mani Osteria,http://www.opentable.com/mani-osteria?scpref=110&tab=2,4.5,"341 E. Liberty Ave Ann Arbor, MI  48104 ",24,Italian,$31 to $50,Ann Arbor,http://www.maniosteria.com,mani@maniosteria.com,(734) 769-6700,4.0 out of 5,Great place but had to wait until 8:20 to be seated for an 8:00 reservation.,10/18/2012,http://www.pickgrapevine.com/wantmore6/mani-osteria,mani-osteria
McCormick & Schmick's Seafood - Troy,http://www.opentable.com/mccormick-and-schmicks-seafood-troy?scpref=110&tab=2,4.0,"2850 Coolidge Rd. Troy, MI  48084 ",139,Seafood,$30 and under,Troy,http://www.McCormickandSchmicks.com,mstr@ldry.com,(248) 637-6400,5.0 out of 5,"We had a great experience at McCormick and Schmick's. We had a party of 7 including a toddler and infant. We were given one of the snugs near the back, which provided us some privacy and worked great with the children. Veronica gave us outstanding service and even suggested bringing out our 2 year old's food before the rest so she wouldn't get antsy. The food was great. We got the calamari, our usual favorite, but also tried the coconut shrimp, which was excellent. The swordfish portions were ample and the mixed grill was a big hit. The restaurant is definitely worth trying if you haven't already.",10/27/2012,http://www.pickgrapevine.com/wantmore6/mccormick-and-schmicks-seafood-troy,mccormick-and-schmicks-seafood-troy
Mediterrano,http://www.opentable.com/mediterrano?scpref=110&tab=2,4.2,"2900 S. State St. Suite #7 Ann Arbor, MI  48104",73,Mediterranean,$30 and under,Ann Arbor,http://www.mediterrano.com,Info@mediterrano.com,(734) 332-9700,4.0 out of 5,Chef Huey has done a fantastic job! Will definitely return.,10/19/2012,http://www.pickgrapevine.com/wantmore6/mediterrano,mediterrano
Melange - Ann Arbor,http://www.opentable.com/melange-ann-arbor?scpref=110&tab=2,4.3,"312 S. Main Street Ann Arbor, MI  48104 ",97,Fusion / Eclectic,$30 and under,Ann Arbor,http://www.melangebistro.com,info@melangebistro.com,(734) 222-0202,3.0 out of 5,"My wife and I came in for our anniversary and had an overall good experience. The food was great and the portions were generous. We especially liked that we were given an amuse-bouche. The lamb and the duck were cooked perfectly but everything seemed a little rushed, we hardly had time to breathe in between courses. We took advantage of the half off bottles of wine which was great but our server had no idea what bottle I was actually ordering. Overall our server just seemed to be going through the motions with no enthusiam which really brought down our celebratory evening.",10/29/2012,http://www.pickgrapevine.com/wantmore6/melange-ann-arbor,melange-ann-arbor
Meriwether's,http://www.opentable.com/meriwethers-southfield?scpref=110&tab=2,4.2,"25485 Telegraph Road Southfield, MI  48034 ",39,Seafood,$31 to $50,Southfield,http://www.muer.com,meri@ldry.com,(248) 358-1310,5.0 out of 5,I had to change the number of people in our party and your staff was extremely accomodating.,10/25/2012,http://www.pickgrapevine.com/wantmore6/meriwethers-southfield,meriwethers-southfield
Mesquite Creek,http://www.opentable.com/mesquite-creek?scpref=110&tab=2,4.1,"7228 N. Main Street Clarkston, MI  48346 ",29,Southwest,$30 and under,Detroit,http://www.mesquitecreek.com,info@mesquitecreek.com,(248) 620-9300,5.0 out of 5,We enjoyed the food and also the singer at the lounge afterward. Plan on spending at least $100 for dinner for 2.,10/20/2012,http://www.pickgrapevine.com/wantmore6/mesquite-creek,mesquite-creek
Mitchell's Fish Market - Birmingham,http://www.opentable.com/mitchells-fish-market-birmingham?scpref=110&tab=2,4.2,"117 Willits Street Birmingham, MI  48009 ",155,Seafood,$30 and under,Detroit,http://www.mitchellsfishmarket.com,mfmbirmingham@mitchellsfishmarket.com,(248) 646-3663,5.0 out of 5,The food was amazing had there new brunch menue!!! Service was outstanding! Food was cooked to perfection!,10/28/2012,http://www.pickgrapevine.com/wantmore6/mitchells-fish-market-birmingham,mitchells-fish-market-birmingham
Mitchell's Fish Market - Livonia,http://www.opentable.com/mitchells-fish-market-livonia?scpref=110&tab=2,4.3,"17600 Haggerty Road Livonia, MI  48152 ",247,Seafood,$30 and under,Detroit,http://www.mitchellsfishmarket.com,mfmlivonia@mitchellsfishmarket.com,(734) 464-3663,5.0 out of 5,"I recently went to Mitchell's Fish Market with some co-workers and we had a wonderful dining experience. We all ordered the special, Brown Sugar Salmon, and it was fantastic. We all enjoyed the food and the service was great.",10/29/2012,http://www.pickgrapevine.com/wantmore6/mitchells-fish-market-livonia,mitchells-fish-market-livonia
Mitchell's Fish Market - Rochester,http://www.opentable.com/mitchells-fish-market-rochester?scpref=110&tab=2,4.4,"370 North Adams Road Rochester, MI  48309 ",122,Seafood,$30 and under,Detroit,http://www.mitchellsfishmarket.com,mfmrochester@mitchellsfishmarket.com,(248) 340-5900,4.0 out of 5,We had a great experience at Mitchell's. Our food was great and our server was bubbly and helpful. We will definately come again.,10/19/2012,http://www.pickgrapevine.com/wantmore6/mitchells-fish-market-rochester,mitchells-fish-market-rochester
Morel's Restaurant - Michigan,http://www.opentable.com/morels-restaurant-michigan?scpref=110&tab=2,4.0,"32729 Northwestern Hwy. Farmington Hills, MI  48334 ",195,Contemporary American,$30 and under,Farmington Hills,http://www.morelsbymattprentice.com,info@morelsbymattprentice.com,(248) 254-3840,5.0 out of 5,"Excellent food! Everything was delicious, portions were big. Great service!",10/25/2012,http://www.pickgrapevine.com/wantmore6/morels-restaurant-michigan,morels-restaurant-michigan
Morton's The Steakhouse - Troy,http://www.opentable.com/mortons-the-steakhouse-troy?scpref=110&tab=2,4.3,"888 West Big Beaver Road, Suite 111 Troy, MI  48084 ",129,Steak,$50 and over,Troy,http://www.mortons.com,gm.mtr@mortons.com,(248) 404-9845,5.0 out of 5,"We had a fantastic time at Moton's. Patrick gave us superb service and the food was incredible. While not a typical choice, we started with steamed crab legs for an appetizer. They were amazing. I love crab legs but don't usually order them because of the mess required to eat them. These came out sliced in two giving us access to the meat without any of the mess. The wet towels afterwards were a nice touch. The salads were the largest I have ever seen and tasted amazing. My fillet was done exactly the way I like it, and the shrimp alexander was a nice complement. Of the sides, my favorite was the cheesy a gratin potatoes. For dessert, we all had the legendary hot chocolate lava cake - awesome. If you haven’t tried it, this Morton's is a d",10/31/2012,http://www.pickgrapevine.com/wantmore6/mortons-the-steakhouse-troy,mortons-the-steakhouse-troy
No. VI Chophouse,http://www.opentable.com/no-vi-chophouse?scpref=110&tab=2,4.1,"27000 Sheraton Road Novi, MI  48377 ",235,Steak,$31 to $50,Detroit,http://www.theepicureangroup.com/novichophouse.html,novichophouse@yahoo.com,(248) 305-5210,4.0 out of 5,"It's a treat for me to go to places like this as it's a bit beyond my price range. I went because I had a groupon. The service was terrific, very accomodating when we asked to move tables due to my dining companions not being happy with the volume of the guy at the next tables voice. My only complaint was that the beef wellington wasn't as spectacular as I thought it would be. It wasn't really a traditional preparation, not that there was really anything wrong with it.",10/30/2012,http://www.pickgrapevine.com/wantmore6/no-vi-chophouse,no-vi-chophouse
Ocean Prime - Troy,http://www.opentable.com/ocean-prime-troy?scpref=110&tab=2,4.5,"2915 Coolidge Highway Troy, MI  48084 ",282,Seafood,$31 to $50,Troy,http://www.oceanprimetroy.com,oceanprimetroy@cameronmitchell.com,(248) 458-0500,4.0 out of 5,Great salads at great prices for the quality. Coffee a bit costly as it doesn't stay warm (but tastes good). Service was great and very friendly but professional. Good place for smaller groups and for lunch. Have not tried dinner yet.,10/29/2012,http://www.pickgrapevine.com/wantmore6/ocean-prime-troy,ocean-prime-troy
Pacific Rim,http://www.opentable.com/pacific-rim?scpref=110&tab=2,4.6,"114 W. Liberty Street Ann Arbor, MI  48104 ",200,Pan-Asian,$31 to $50,Ann Arbor,http://www.pacificrimbykana.com/,pacific.rim.kana@gmail.com,(734) 662-9303,5.0 out of 5,"Pacific Rim never disappoints. They are our favorite--including outside of Ann Arbor, Michigan, and the US!",10/27/2012,http://www.pickgrapevine.com/wantmore6/pacific-rim,pacific-rim
Palio - Ann Arbor,http://www.opentable.com/palio?scpref=110&tab=2,4.2,"347 S. Main Ann Arbor, MI  48104 ",134,Italian,$30 and under,Ann Arbor,http://www.paliorestaurant.com,gmpalio@msventures.net,(888) 456-3463,4.0 out of 5,The restaurant was packed full house at 7:30 on a Saturday night and when we arrived for our reservation we were seated immediately. The service was outstanding yet not overbearing. Our food was authentic Italian and as good as it can get. Whenever we visit family in Ann Arbor we always try to dine somewhere different and avoid the chains. I'm sure we will break the rule and return to Palio. Excellent!,10/27/2012,http://www.pickgrapevine.com/wantmore6/palio,palio
The Quarter Bistro,http://www.opentable.com/the-quarter-bistro-ann-arbor?scpref=110&tab=2,4.1,"300 S. Maple Road Ann Arbor, MI  48103 ",39,Contemporary American,$30 and under,Ann Arbor,http://www.thequarterbistro.com/,info@thequarterbistro.com,(734) 929-9200,4.0 out of 5,"Always consistent- food not amazing but good. Very nice atmosphere. They also take reservations which is great on a Michigan game day.Variety of food available is nice- salads, sandwiches and entrees.",10/13/2012,http://www.pickgrapevine.com/wantmore6/the-quarter-bistro-ann-arbor,the-quarter-bistro-ann-arbor
The Rattlesnake Club,http://www.opentable.com/the-rattlesnake-club?scpref=110&tab=2,4.4,"300 River Place Drive Detroit, MI  48207 ",169,Contemporary American,$50 and over,Detroit,http://www.rattlesnakedetroit.com,info@rattlesnakedetroit.com,(313) 567-4400,4.0 out of 5,Had a great time before the game and my wife loved it,10/27/2012,http://www.pickgrapevine.com/wantmore6/the-rattlesnake-club,the-rattlesnake-club
The Ravens Club,http://www.opentable.com/the-ravens-club?scpref=110&tab=2,4.1,"207 South Main Street Ann Arbor, MI  48103 ",79,Contemporary American,$30 and under,Ann Arbor,http://www.theravensclub.com,reservations@theravensclub.com,(734) 214-0400,5.0 out of 5,"Over all it was a great night out! If your looking for something different, there's not another restaurant in the area like The Ravens Club.",09/08/2012,http://www.pickgrapevine.com/wantmore6/the-ravens-club,the-ravens-club
Real Seafood Company - Ann Arbor,http://www.opentable.com/real-seafood-company-ann-arbor?scpref=110&tab=2,4.3,"341 S. Main Ann Arbor, MI  48104 ",335,Seafood,$31 to $50,Ann Arbor,http://www.realseafoodcorestaurant.com,gmrscaa@msventures.net,(888) 456-3463,4.0 out of 5,"This is the best place for seafood in Ann Arbor. Entrees are reasonable still, $25-30. The menue is on a Motorola tablet which allows easy wine paring. The bread to start the meal is fantastic. Try the escargot but be careful not to burn yourself. The combo type platters are great. I got the Blue Plate Special (or something similar) and my date got a similar combination over rice. Between the two items I think we covered 80% of the menue.",10/26/2012,http://www.pickgrapevine.com/wantmore6/real-seafood-company-ann-arbor,real-seafood-company-ann-arbor
River Crab - St. Clair,http://www.opentable.com/river-crab-st-clair?scpref=110&tab=2,4.3,"1337 River Road (M-29) St. Clair, MI  48079 ",99,Seafood,$31 to $50,St. Clair,http://www.muer.com,rivc@ldry.com,(810) 329-2261,3.0 out of 5,"Huge storm (Sandy) effects so outdoor activity was very limited, not your fault. Room (208) excellent. Broken window latch allowed one window to blow open a bit. Was reported at checkout.",10/28/2012,http://www.pickgrapevine.com/wantmore6/river-crab-st-clair,river-crab-st-clair
Rocky's of Northville,http://www.opentable.com/rockys-of-northville?scpref=110&tab=2,4.0,"41122 W Seven Mile Northville, MI  48167 ",60,Contemporary American,$30 and under,Northville,http://www.rockysnorthville.com,jcampbell@rockysnorthville.com,(248) 349-4434,3.0 out of 5,Great food service needs improvemnt our server was not up to standard,10/15/2012,http://www.pickgrapevine.com/wantmore6/rockys-of-northville,rockys-of-northville
Rojo Mexican Bistro - Novi,http://www.opentable.com/rojo-mexican-bistro-novi?scpref=110&tab=2,3.8,"44375 twelve mile road Novi, MI  48377 ",30,Mexican,$30 and under,Novi,http://www.rojomexicanbistro.com,linnend@aol.com,(248) 374-4600,5.0 out of 5,"Love how they come to the table and make the guacamole right at the table side. If you love fish tacos, good place to get them. Great food selection and good margaritas. This is the second time going and will definitely return.",10/18/2012,http://www.pickgrapevine.com/wantmore6/rojo-mexican-bistro-novi,rojo-mexican-bistro-novi
Rojo Mexican Bistro - Partridge Creek,http://www.opentable.com/rojo-mexican-bistro-partridge-creek?scpref=110&tab=2,3.9,"17430 Hall Road Suite R102 Clinton Township, MI  48038 ",39,Mexican,$30 and under,Clinton Township,http://Rojomexicanbistro.com,Dvicari@rojomexicanbistro.com,(586) 405-3603,5.0 out of 5,Nice lunch...good mahi tacos...enjoyed it.,10/30/2012,http://www.pickgrapevine.com/wantmore6/rojo-mexican-bistro-partridge-creek,rojo-mexican-bistro-partridge-creek
The Root Restaurant & Bar,http://www.opentable.com/the-root-restaurant-and-bar?scpref=110&tab=2,4.5,"340 Town Center Blvd. White Lake, MI  48386 ",224,American,$30 and under,White Lake,http://www.therootrestaurant.com,eat@therootrestaurant.com,(248) 698-2400,5.0 out of 5,"This was our first visit but certainly not our last. The chef utilizes locally grown ingredients as much as possible to create a seasonal menu which is delicious and beautifully presented. There is a tasting menu offering several choices at a reasonable price. Vegetarian and gluten free choices are readily available. We also tried some of their creative alcoholic beverages and these too were a success. Our server, Karen, was knowledgeable, friendly, and patient with our many questions. It's the kind of place where you'd go for a bowl of soup and a salad, a hamburger, or a full course meal and know that everything will be delicious.",10/27/2012,http://www.pickgrapevine.com/wantmore6/the-root-restaurant-and-bar,the-root-restaurant-and-bar
Rugby Grille,http://www.opentable.com/rugby-grille?scpref=110&tab=2,4.5,"100 Townsend Street Birmingham, MI  48009 ",24,Contemporary American,$50 and over,Detroit,http://www.RugbyGrille.com,rugbygrille@townsendhotel.com,(248) 642-5999,5.0 out of 5,Can't go to michigan without dining at Rugby!!,10/29/2012,http://www.pickgrapevine.com/wantmore6/rugby-grille,rugby-grille
Ruth's Chris Steak House - Troy,http://www.opentable.com/ruths-chris-steak-house-troy?scpref=110&tab=2,4.4,"755 West Big Beaver Road Suite 151 Troy, MI  48048",70,Steak,$31 to $50,Troy,http://www.ruthschris.com/Steak-House/7951/Troy/Detroit,troy@ruthschris.com,(248) 269-8424,5.0 out of 5,"Wonderful dining experience. Friendly, courteous service. Highly recommend.",10/27/2012,http://www.pickgrapevine.com/wantmore6/ruths-chris-steak-house-troy,ruths-chris-steak-house-troy
Sajo's,http://www.opentable.com/sajos?scpref=110&tab=2,4.3,"36470 Moravian Dr Clinton Township, MI  48035 ",6,Mediterranean,$30 and under,Clinton Township,http://www.sajos.net/home.aspx,jimsajos@aol.com,(586) 792-7256,5.0 out of 5,The salmon was very tasty. A lot of choices on the regular menu and delicious daily specials,09/01/2012,http://www.pickgrapevine.com/wantmore6/sajos,sajos
Santorini,http://www.opentable.com/santorini-detroit?scpref=110&tab=2,4.0,"501 Monroe St Detroit, MI  48226 ",11,American,$31 to $50,Detroit,http://www.mosaic-detroit.com,apapas@mosaic-detroit.com,(313) 962-9366,4.0 out of 5,It was a great experience having a lunch meeting at your venue. I will drive 45 miles for that scene anytime.,07/25/2012,http://www.pickgrapevine.com/wantmore6/santorini-detroit,santorini-detroit
Sava's,http://www.opentable.com/savas?scpref=110&tab=2,4.2,"216 State St. Ann Arbor, MI  48109 ",177,American,$30 and under,Ann Arbor,http://savasrestaurant.com,savascatering@gmail.com,(734) 623-2233,5.0 out of 5,Great food & great variety for vegetarians & meat eaters!,10/26/2012,http://www.pickgrapevine.com/wantmore6/savas,savas
Signature Grill,http://www.opentable.com/signature-grill?scpref=110&tab=2,3.9,"250 Riverfront Dr. Detroit, MI  48226 ",20,American,$31 to $50,Detroit,http://www.signaturedetroit.com,info@signaturedetroit.com,(313) 394-0667,3.0 out of 5,"We went for sweetest day, and it was ok. The place is very small and their high table tops are uncomfortable to sit in. The food was excellent, but there were only 3 waiters in the establishment and we had to wait for everything. It took 20 min for us to cash out our bill. We missed our next planned event due to that. I would recommend it or lunch or a girls night, but not for a romantic evening...too small and noisy.",10/20/2012,http://www.pickgrapevine.com/wantmore6/signature-grill,signature-grill
Small Plates,http://www.opentable.com/small-plates?scpref=110&tab=2,4.2,"1521 Broadway Street Detroit, MI  48226 ",89,Tapas / Small Plates,$30 and under,Detroit,http://www.smallplates.com,info@smallplates.com,(313) 963-0702,5.0 out of 5,"Excellent food, service, and ambiance. The tables are a bit limited in number, but very well worth the visit. With reservations, haven't had a wait. Have tried several items from the menu and all have been delicious.",10/28/2012,http://www.pickgrapevine.com/wantmore6/small-plates,small-plates
Sterlings Bistro,http://www.opentable.com/sterlings-bistro?scpref=110&tab=2,4.2,"13905 Lakeside Circle Sterling Heights, MI  48313 ",67,American,$30 and under,Sterling Heights,http://www.sterlingsbistro.com,2506@sterlingsbistro.com,(586) 566-0627,4.0 out of 5,"The menu is very well thought out. The meals focus on taste and quality, not quantity. Great place for a flavorful dinner without being weighted down. Our server could have been a little more attentive and service a little faster. All and all a great dinning experience and I will go again.",10/27/2012,http://www.pickgrapevine.com/wantmore6/sterlings-bistro,sterlings-bistro
Steve and Rocky's,http://www.opentable.com/steve-and-rockys?scpref=110&tab=2,4.3,"43150 Grand River Ave. Novi, MI  48375 ",134,American,$30 and under,Novi,http://www.steveandrockys.com,dbrady@steveandrockys.com,(248) 374-0688,4.0 out of 5,"We had a party of seven woman and the table was set up with us on each side facing each other. The people that took care of us offered to move us to a round table (much prefered) However, we decided not to bother. Looking back, it would've been easier to converse at a round table if there was room.Food and service were excellent.",10/30/2012,http://www.pickgrapevine.com/wantmore6/steve-and-rockys,steve-and-rockys
Steven Lelli's on the Green,http://www.opentable.com/steven-lellis-on-the-green?scpref=110&tab=2,4.3,"27925 Golf Pointe Blvd. Farmington, MI  48331 ",18,Italian,$31 to $50,Farmington Hills,http://Lellisinn.com,info@lellisinn.com,(248) 994-1111,5.0 out of 5,"I've been a fan of the original Lelli's since my childhood - it was always the restaurant our family chose to celebrate special occasions. Steven Lelli's Inn on the Green has beautifully captured the ambiance, service, and food from the Detroit location. I've been buying gift certificates to give to friends and family as treats, and have received consistent positive feedback from all the recipients. Our visit Saturday night - from the wine recommendation to the dessert service - reinforced my continued love of this place.",10/20/2012,http://www.pickgrapevine.com/wantmore6/steven-lellis-on-the-green,steven-lellis-on-the-green
Sweet Lorraine's - Southfield,http://www.opentable.com/sweet-lorraines-southfield?scpref=110&tab=2,4.4,"29101 Greenfield Rd Southfield, MI  48076 ",47,Contemporary American,$30 and under,Southfield,http://www.sweetlorraines.com/,info@sweetlorraines.com,(248) 559-5985,3.0 out of 5,"Went there for Sunday brunch with some friends and my 7-year-old daughter. The food was good, though the biscuits were cold and the foccacia bread was a little soggy. My daughter's chicken strips were actually really really good, much better than the usual pre-frozen stuff. The service was slow. Our server took forever to take our order and was slow to bring stuff out. We had to ask for more cream and he just wasn't on his game. I'd still go back but wouldn't rush there.",10/28/2012,http://www.pickgrapevine.com/wantmore6/sweet-lorraines-southfield,sweet-lorraines-southfield
Toast Birmingham,http://www.opentable.com/toast-birmingham?scpref=110&tab=2,4.2,"203 Pierce Street Birmingham, MI  48009 ",64,American,$30 and under,Birmingham,http://www.eatattoast.com,info@eatattoast.com,(248) 258-6278,5.0 out of 5,"My friend and I split a Greek omelet and loved it. The ingredients were fresh and well seasoned. Our waitress was friendly, and aware of when we needed refills on coffee. I also loved the decor, very different. All and all, a great experience.",10/24/2012,http://www.pickgrapevine.com/wantmore6/toast-birmingham,toast-birmingham
Toasted Oak Grill & Market,http://www.opentable.com/toasted-oak-grill-and-market?scpref=110&tab=2,4.3,"27790 Novi Rd Novi, MI  48377 ",112,American,$30 and under,Novi,http://www.toastedoak.com,info@toastedoak.com,(248) 277-6000,4.0 out of 5,"A little loud, but a good place to go for meeting friends and catching up. Great food and personable staff. I'll be going back.",10/26/2012,http://www.pickgrapevine.com/wantmore6/toasted-oak-grill-and-market,toasted-oak-grill-and-market
Tre Monti Ristorante,http://www.opentable.com/tre-monti-ristorante?scpref=110&tab=2,4.4,"1695 East Beaver Rd Troy, MI  48083 ",40,Italian,$30 and under,Troy,http://www.tremontitroy.com,info@tremontiristorante.com,(248) 680-1100,5.0 out of 5,"I wanted a reservation at 7 and the restaurant told me only 6 and 8 were available. We took 6:00, and didn't leave until 8:30. There were many tables that remained unoccupied throughout the evening, we were very angry about that.",10/20/2012,http://www.pickgrapevine.com/wantmore6/tre-monti-ristorante,tre-monti-ristorante
Tria,http://www.opentable.com/tria?scpref=110&tab=2,4.3,"Inside The Henry Hotel at~300 Town Center Drive Dearborn, MI  48126 ",23,Contemporary American,$30 and under,Dearborn,http://www.triadearbornrestaurant.com,triahost@behenry.com,(313) 253-4475,5.0 out of 5,"I would highly recommend this place. We had risotto that was slightly oversalted, but flavourful and rice was cooked al dente. The braised short ribs were excellent. Butternut squash ravioli were generally good, slightly overcooked. The wine list was impressive. Espresso and macchiato were good.One more comment: we are on the road secondary to Sandy. For the two out of the last three nights I booked restaurants based on the Open Table recommendations -and I was very happy overall. Tonight, we used a recommendation from a local person and were very disappointed.Thank you.",10/29/2012,http://www.pickgrapevine.com/wantmore6/tria,tria
Vinology Ann Arbor,http://www.opentable.com/vinology?scpref=110&tab=2,4.3,"110 South Main Street Ann Arbor, MI  48104 ",151,Continental,$30 and under,Ann Arbor,http://www.vinowinebars.net/vinology/index.html,vinology@vinowinebars.net,(734) 222-9841,5.0 out of 5,Have been there multiple times and always look forward to my next visit,10/26/2012,http://www.pickgrapevine.com/wantmore6/vinology,vinology
Volare Ristorante,http://www.opentable.com/volare-ristorante?scpref=110&tab=2,4.3,"49115 Pontiac Trail Wixom, MI  48393 ",47,Italian,$31 to $50,Detroit,http://www.ristorantevolare.com,info@ristorantevolare.com,(248) 960-7771,4.0 out of 5,We had dinner last Saturday night at Volares. Dinner was wonderful. I had the Filet without zip sauce (not a fan of zip on steaks). I believe steaks should stand on their won which this one really did. The wine list is well rounded and we had 2 bottles of wonderful Cabernet.,10/27/2012,http://www.pickgrapevine.com/wantmore6/volare-ristorante,volare-ristorante
Weber's Restaurant,http://www.opentable.com/webers-restaurant?scpref=110&tab=2,4.2,"3050 Jackson Rd.  Ann Arbor, MI  48103 ",196,Steak,$30 and under,Ann Arbor,http://www.webersinn.com,RestaurantReservations@webersinn.com,(734) 665-3636,4.0 out of 5,Wonderful first visit to this place!,10/29/2012,http://www.pickgrapevine.com/wantmore6/webers-restaurant,webers-restaurant
The Whitney,http://www.opentable.com/the-whitney?scpref=110&tab=2,4.5,"4421 Woodward Ave Detroit, MI  48201 ",83,American,$30 and under,Detroit,http://www.thewhitney.com,Info@thewhitney.com,(313) 832-5700,5.0 out of 5,Love this place! Beautiful house and friendly service. Food is made with special ingredients.,10/30/2012,http://www.pickgrapevine.com/wantmore6/the-whitney,the-whitney
Zazios Birmingham,http://www.opentable.com/zazios-birmingham?scpref=110&tab=2,3.9,"34977 Woodward Birmingham, MI  48009 ",54,Italian,$30 and under,Birmingham,http://www.zazios.com,aflores@zazios.com,(248) 530-6400,4.0 out of 5,"We had a table of 10 and were put at a table in the back, which was nice, since there was no one around us and we could carry on a conversation with the whole table. Food was very good, although service was a little slow. We were the last people there and they were cleaning around us and obviously wanted to close up, which would have been understandable if it were not 10:30 on a Friday night.",10/26/2012,http://www.pickgrapevine.com/wantmore6/zazios-birmingham,zazios-birmingham
Zingerman's Roadhouse,http://www.opentable.com/zingermans-roadhouse?scpref=110&tab=2,4.5,"2501 Jackson Ave Ann Arbor, MI  48103 ",320,American,$31 to $50,Ann Arbor,http://www.zingermansroadhouse.com,roadhouse@zingermans.com,(734) 663-3663,5.0 out of 5,"As always, the Roadhouse delivers a great experience. Still pricey, but the food is consistently good, the menu always has surprises, and the service is attentive.",10/28/2012,http://www.pickgrapevine.com/wantmore6/zingermans-roadhouse,zingermans-roadhouse
